row_type	K	component	cv_error	delta_cv	pct_improvement	delta2_cv	mean_q_max	median_q_max	qmax_p10	qmax_p25	qmax_p75	qmax_p90	mean_h_norm	median_h_norm	mean_k_eff	median_k_eff	adjacent_mean_parent_corr	adjacent_dominant_nmi	adjacent_dominant_preserved_frac	k_cv_min	k_elbow	k_broad_default	k_fine_default	component_mass_mean_q	component_n_q_ge_0_5	component_n_q_ge_0_2	component_rank_within_k	component_embedding_separability	k_rank	is_broad_or_fine_default	embedding_nmi_max
k_summary	2		0.6957				0.8526325534779358	0.880838	0.7111504000000001	0.83243	0.904574	0.9509932	0.5449969491077726	0.5269472534971463	1.3310406618362716	1.2657023596584505	0.8704840778661067	0.7905820397540687	0.9830377794911334	30.0	10.0	8.0	15.0						29	0	-1.0
component	2	1.0																						0.2064348975317876	133.0	287.0	2.0	0.9030200612358289	29	0	-1.0
component	2	2.0																						0.7935651024682123	1204.0	1262.0	1.0	0.9030200612358289	29	0	-1.0
k_summary	3		0.68829	0.00741	1.0651142733937082		0.839131770381451	0.869626	0.6458464	0.813211	0.904054	0.9597792	0.4100717853534059	0.4161411193498706	1.380562950100732	1.3026207049758736	0.9272076770755944	1.0	1.0	30.0	10.0	8.0	15.0						5	0	-1.0
component	3	1.0																						0.1387828197456993	111.0	237.0	2.0	0.9934776837564294	5	0	-1.0
component	3	2.0																						0.0946795063575168	40.0	122.0	3.0	0.9795723195723195	5	0	-1.0
component	3	3.0																						0.7665376963350785	1186.0	1241.0	1.0	0.9134797716554977	5	0	-1.0
k_summary	4		0.68388	0.0044099999999999	0.6407183018785562	-0.0030000000000001	0.7954905168287211	0.809629	0.6156777999999999	0.73207	0.879308	0.943313	0.4162649237011029	0.4530959917424922	1.5200985696032698	1.4785601749606885	0.9871183303273616	0.9911625976739088	0.9992464204973625	30.0	10.0	8.0	15.0						8	0	-1.0
component	4	1.0																						0.7027777404637248	1121.0	1221.0	1.0	0.8636714654854188	8	0	-1.0
component	4	2.0																						0.1288378945400149	62.0	220.0	3.0	0.930349203187251	8	0	-1.0
component	4	3.0																						0.0339329940164547	20.0	24.0	4.0	0.9924098398432999	8	0	-1.0
component	4	4.0																						0.1344513896783844	111.0	236.0	2.0	0.9934776837564294	8	0	-1.0
k_summary	5		0.68046	0.00342	0.5000877346903096	-0.0009899999999998	0.781262401645475	0.798837	0.5702223999999999	0.730423	0.862765	0.9336042	0.4098761666870749	0.428922481907021	1.595859045553886	1.5239305876095088	0.979710225840466	0.9852640512224126	0.9984813971146546	30.0	10.0	8.0	15.0						4	0	-1.0
component	5	1.0																						0.0539271608077786	10.0	61.0	4.0		4	0	-1.0
component	5	2.0																						0.120272043380703	58.0	202.0	2.0	0.9292081673306773	4	0	-1.0
component	5	3.0																						0.1041139154824233	101.0	190.0	3.0	0.9890769883766488	4	0	-1.0
component	5	4.0																						0.688069545250561	1094.0	1208.0	1.0	0.8619132059800665	4	0	-1.0
component	5	5.0																						0.0336173433059087	20.0	24.0	5.0	0.9924098398432999	4	0	-1.0
k_summary	6		0.6767	0.0037599999999999	0.5525673808893963	0.0003399999999998	0.7404114816753927	0.75041	0.5523534	0.646912	0.826815	0.9178548	0.4474465559945233	0.4847820753236641	1.7721946988551782	1.71827020047199	0.7736991769274476	0.8472153993146935	0.9536679536679536	30.0	10.0	8.0	15.0						15	0	-1.0
component	6	1.0																						0.1193630875093493	58.0	204.0	2.0	0.9361657370517928	15	0	-1.0
component	6	2.0																						0.0487482333582647	10.0	60.0	5.0		15	0	-1.0
component	6	3.0																						0.0639351465968586	20.0	63.0	4.0	0.9255890655605483	15	0	-1.0
component	6	4.0																						0.1038081780104712	101.0	191.0	3.0	0.9890769883766488	15	0	-1.0
component	6	5.0																						0.0335528563949139	20.0	24.0	6.0	0.9924098398432999	15	0	-1.0
component	6	6.0																						0.630592477935677	1057.0	1187.0	1.0	0.8509423492652528	15	0	-1.0
k_summary	7		0.67322	0.0034799999999999	0.5142603812619961	-0.00028	0.6622148152580404	0.638861	0.4670614	0.535968	0.775216	0.9023934000000003	0.5148765274138656	0.5791323949131683	2.193877757525856	2.1986254411871724	0.7949473052130701	0.7823165622377648	0.9342004590665648	30.0	10.0	8.0	15.0						26	0	-1.0
component	7	1.0																						0.0520353777112939	20.0	56.0	6.0	0.9255890655605483	26	0	-1.0
component	7	2.0																						0.512678249065071	823.0	1154.0	1.0	0.789046135382769	26	0	-1.0
component	7	3.0																						0.0566677958115183	36.0	49.0	5.0	0.8637065637065635	26	0	-1.0
component	7	4.0																						0.1243690560957367	111.0	235.0	3.0	0.9835728260136275	26	0	-1.0
component	7	5.0																						0.1323924554973822	40.0	164.0	2.0	0.9097861597861598	26	0	-1.0
component	7	6.0																						0.0887244076290201	48.0	115.0	4.0	0.9308541832669324	26	0	-1.0
component	7	7.0																						0.0331326379955123	20.0	24.0	7.0	0.9924098398432999	26	0	-1.0
k_summary	8		0.67036	0.00286	0.42482398027392	-0.0006199999999998	0.7011285400149588	0.70129	0.5067038	0.589035	0.796441	0.8940848000000001	0.4551576154242743	0.4890813634957011	1.970986518312991	1.9224864540959496	0.8096801387816781	0.8067930044629317	0.9231962761830876	30.0	10.0	8.0	15.0						1	1	0.4086835682287609
component	8	1.0																						0.0469925317875841	30.0	70.0	6.0	0.973981457108596	1	1	0.4086835682287609
component	8	2.0																						0.0829535115931189	73.0	136.0	3.0	0.736286714486696	1	1	0.4086835682287609
component	8	3.0																						0.5771510209424083	973.0	1161.0	1.0	0.7969806605823554	1	1	0.4086835682287609
component	8	4.0																						0.0586086327599102	34.0	49.0	4.0	0.864039204039204	1	1	0.4086835682287609
component	8	5.0																						0.0417311937172774	10.0	52.0	7.0		1	1	0.4086835682287609
component	8	6.0																						0.0533235639491398	20.0	56.0	5.0	0.9255890655605483	1	1	0.4086835682287609
component	8	7.0																						0.0322537808526551	20.0	24.0	8.0	0.9924098398432999	1	1	0.4086835682287609
component	8	8.0																						0.1069857629020194	56.0	183.0	2.0	0.9361657370517928	1	1	0.4086835682287609
k_summary	9		0.66667	0.0036899999999999	0.5504505042066906	0.0008299999999998	0.6307008249813014	0.604614	0.4270488	0.499668	0.72581	0.9570786	0.5150311581142589	0.5780712911042966	2.4454395054490243	2.441710009658053	0.8306291651306998	0.8355293187401944	0.9198149575944488	30.0	10.0	8.0	15.0						27	0	-1.0
component	9	1.0																						0.0492601720269259	20.0	53.0	7.0	0.9255890655605483	27	0	-1.0
component	9	2.0																						0.0512751847419596	33.0	48.0	6.0	0.8638253638253637	27	0	-1.0
component	9	3.0																						0.0830469154824233	42.0	112.0	4.0	0.9325083665338646	27	0	-1.0
component	9	4.0																						0.0616125310396409	29.0	61.0	5.0	0.915	27	0	-1.0
component	9	5.0																						0.1224495482423335	40.0	151.0	2.0	0.7589491147105842	27	0	-1.0
component	9	6.0																						0.462936622288706	707.0	1115.0	1.0	0.795123081245581	27	0	-1.0
component	9	7.0																						0.032591282722513	20.0	24.0	9.0	0.9924098398432999	27	0	-1.0
component	9	8.0																						0.0371003627524308	10.0	55.0	8.0		27	0	-1.0
component	9	9.0																						0.0997273620044876	101.0	191.0	3.0	0.9845528455284553	27	0	-1.0
k_summary	10		0.66473	0.0019399999999999	0.2909985450072662	-0.00175	0.6101168444278234	0.538759	0.3699498	0.452805	0.755689	0.9929214	0.5188511376525679	0.6163011682685079	2.72518575454839	2.8549815250125414	0.8382837975694868	0.8157349376689892	0.9050873196659074	30.0	10.0	8.0	15.0						28	0	-1.0
component	10	1.0																						0.3933428189977562	508.0	1012.0	1.0	0.721306240890279	28	0	-1.0
component	10	2.0																						0.0804128227374719	42.0	112.0	5.0	0.9196888888888889	28	0	-1.0
component	10	3.0																						0.0359892887060583	10.0	55.0	9.0	0.913233014535989	28	0	-1.0
component	10	4.0																						0.080824	96.0	125.0	4.0	0.9849079143852663	28	0	-1.0
component	10	5.0																						0.030907694091249	20.0	24.0	10.0	0.9924098398432999	28	0	-1.0
component	10	6.0																						0.0796613567688855	30.0	71.0	6.0	0.7601103972491178	28	0	-1.0
component	10	7.0																						0.0858193268511593	41.0	114.0	3.0	0.7732676571537155	28	0	-1.0
component	10	8.0																						0.0450761353777112	25.0	61.0	8.0	0.9169938107869141	28	0	-1.0
component	10	9.0																						0.1048403275991024	43.0	97.0	2.0	0.9794407745905348	28	0	-1.0
component	10	10.0																						0.0631262064323111	40.0	57.0	7.0	0.9683843183843184	28	0	-1.0
k_summary	11		0.66127	0.00346	0.520512087614523	0.00152	0.6465405138369484	0.612515	0.4368392	0.501098	0.750443	0.9998844	0.4768391794550228	0.5358255039459899	2.4154177798070835	2.3745643349100716	0.980645696599002	0.9660381030692364	0.9909570459683495	30.0	10.0	8.0	15.0						22	0	-1.0
component	11	1.0																						0.0418365774121166	20.0	50.0	8.0	0.9255890655605483	22	0	-1.0
component	11	2.0																						0.0338492423335826	10.0	48.0	9.0		22	0	-1.0
component	11	3.0																						0.0330671249065071	30.0	40.0	10.0	0.973981457108596	22	0	-1.0
component	11	4.0																						0.0315549566192969	20.0	24.0	11.0	0.9924098398432999	22	0	-1.0
component	11	5.0																						0.0797847060583395	41.0	112.0	3.0	0.9325083665338646	22	0	-1.0
component	11	6.0																						0.0628701712789828	60.0	98.0	4.0	0.9723569138837883	22	0	-1.0
component	11	7.0																						0.0519191578160059	27.0	61.0	6.0	0.9170468611847922	22	0	-1.0
component	11	8.0																						0.0955570314136125	32.0	72.0	2.0	0.9097861597861598	22	0	-1.0
component	11	9.0																						0.0511473575168287	33.0	48.0	7.0	0.8635387585387585	22	0	-1.0
component	11	10.0																						0.0582196641735228	40.0	55.0	5.0	0.9683843183843184	22	0	-1.0
component	11	11.0																						0.4601940254300673	695.0	1077.0	1.0	0.7344172206996991	22	0	-1.0
k_summary	12		0.65865	0.00262	0.396207298077951	-0.0008399999999999	0.6427223021690351	0.605032	0.4133932	0.4937	0.755115	0.999879	0.4678784999284256	0.5313798724973133	2.475280771812243	2.417411161632247	0.8853040764939366	0.8237590288952069	0.9028094153378892	30.0	10.0	8.0	15.0						19	0	-1.0
component	12	1.0																						0.0502053343305908	32.0	48.0	7.0	0.8638253638253637	19	0	-1.0
component	12	2.0																						0.0150338623784592	10.0	10.0	12.0		19	0	-1.0
component	12	3.0																						0.4386479334330591	639.0	1028.0	1.0	0.7514457403467523	19	0	-1.0
component	12	4.0																						0.1055530650710546	63.0	199.0	2.0	0.9201195219123506	19	0	-1.0
component	12	5.0																						0.0286336447270007	20.0	20.0	11.0	0.9924098398432999	19	0	-1.0
component	12	6.0																						0.0578103201196709	40.0	55.0	5.0	0.9683843183843184	19	0	-1.0
component	12	7.0																						0.0415958332086761	20.0	50.0	8.0	0.9255890655605483	19	0	-1.0
component	12	8.0																						0.0329478922961854	30.0	40.0	9.0	0.973981457108596	19	0	-1.0
component	12	9.0																						0.0316884569932685	10.0	48.0	10.0		19	0	-1.0
component	12	10.0																						0.0523488317127898	27.0	61.0	6.0	0.9169938107869141	19	0	-1.0
component	12	11.0																						0.0833553298429319	30.0	70.0	3.0	0.9097861597861598	19	0	-1.0
component	12	12.0																						0.0621794622288706	60.0	95.0	4.0	0.9723569138837883	19	0	-1.0
k_summary	13		0.65615	0.0024999999999999	0.3795642602292487	-0.0001200000000001	0.5924372931937173	0.514473	0.3321652	0.398101	0.812393	0.999879	0.5045209152537845	0.6099574878378736	3.0878790724147813	3.1308034337536337	0.983281779099059	0.95807689133486	0.983167559296098	30.0	10.0	8.0	15.0						25	0	-1.0
component	13	1.0																						0.1042990777860882	63.0	199.0	2.0	0.9195993652027464	25	0	-1.0
component	13	2.0																						0.0512136439790575	40.0	45.0	7.0	0.9683843183843184	25	0	-1.0
component	13	3.0																						0.0674023380703066	23.0	65.0	5.0	0.7601103972491178	25	0	-1.0
component	13	4.0																						0.037686	20.0	42.0	10.0	0.9255890655605483	25	0	-1.0
component	13	5.0																						0.0333181376215407	10.0	54.0	11.0	0.9183844657939803	25	0	-1.0
component	13	6.0																						0.3374729798055347	297.0	917.0	1.0	0.7164736916532517	25	0	-1.0
component	13	7.0																						0.0274766133133881	20.0	20.0	12.0	0.9924098398432999	25	0	-1.0
component	13	8.0																						0.0564158175018698	20.0	26.0	6.0	0.6074144486692015	25	0	-1.0
component	13	9.0																						0.0446963320867614	25.0	61.0	9.0	0.9141728541728542	25	0	-1.0
component	13	10.0																						0.0990879992520568	43.0	83.0	3.0	0.9794407745905348	25	0	-1.0
component	13	11.0																						0.0141355639491398	10.0	10.0	13.0		25	0	-1.0
component	13	12.0																						0.0469995220643231	31.0	48.0	8.0	0.8655038759689923	25	0	-1.0
component	13	13.0																						0.0797959865370231	96.0	125.0	4.0	0.9849079143852663	25	0	-1.0
k_summary	14		0.65373	0.0024199999999999	0.3688181056160905	-7.999999999996898e-05	0.5916271473448018	0.513315	0.328245	0.397918	0.80068	0.99987	0.4952967787581685	0.598959654390723	3.1225873776972244	3.146521808371211	0.9794801490291156	0.9592379026955778	0.9878326996197718	30.0	10.0	8.0	15.0						24	0	-1.0
component	14	1.0																						0.0445893283470456	25.0	61.0	9.0	0.9141728541728542	24	0	-1.0
component	14	2.0																						0.0298641810022438	10.0	48.0	11.0		24	0	-1.0
component	14	3.0																						0.0448731540762902	40.0	45.0	8.0	0.9683843183843184	24	0	-1.0
component	14	4.0																						0.0274413418100224	20.0	20.0	13.0	0.9924098398432999	24	0	-1.0
component	14	5.0																						0.1042391780104712	64.0	200.0	2.0	0.9195993652027464	24	0	-1.0
component	14	6.0																						0.0604647980553477	60.0	93.0	5.0	0.9723569138837883	24	0	-1.0
component	14	7.0																						0.0376171398653702	20.0	42.0	10.0	0.9255890655605483	24	0	-1.0
component	14	8.0																						0.0298520964846671	30.0	30.0	12.0	0.973981457108596	24	0	-1.0
component	14	9.0																						0.0668656537023186	23.0	65.0	4.0	0.7601103972491178	24	0	-1.0
component	14	10.0																						0.0999767786088257	43.0	85.0	3.0	0.9794407745905348	24	0	-1.0
component	14	11.0																						0.0559036387434555	20.0	24.0	6.0	0.6074144486692015	24	0	-1.0
component	14	12.0																						0.0469393919222139	31.0	48.0	7.0	0.8655038759689923	24	0	-1.0
component	14	13.0																						0.3372413395661929	297.0	917.0	1.0	0.7115000777665449	24	0	-1.0
component	14	14.0																						0.014132005235602	10.0	10.0	14.0		24	0	-1.0
k_summary	15		0.65157	0.00216	0.3304116378321403	-0.0002599999999999	0.6038783642483171	0.523489	0.3427216	0.412501	0.815489	0.99986	0.4871691565047805	0.5898921997029873	3.0483225361254793	3.06572966558013	0.8808981548538675	0.9194938665700804	0.94104134762634	30.0	10.0	8.0	15.0						2	1	0.5237127780598996
component	15	1.0																						0.0275536185489902	20.0	20.0	14.0	0.9924098398432999	2	1	0.5237127780598996
component	15	2.0																						0.0376873874345549	20.0	43.0	11.0	0.9255890655605483	2	1	0.5237127780598996
component	15	3.0																						0.0565050994764397	20.0	26.0	5.0	0.6074144486692015	2	1	0.5237127780598996
component	15	4.0																						0.0285145901271503	30.0	30.0	13.0	0.973981457108596	2	1	0.5237127780598996
component	15	5.0																						0.1048905691847419	64.0	200.0	2.0	0.9198650602409639	2	1	0.5237127780598996
component	15	6.0																						0.0468777404637247	31.0	48.0	6.0	0.8652300140672233	2	1	0.5237127780598996
component	15	7.0																						0.06994022513089	28.0	66.0	3.0	0.8333413147366636	2	1	0.5237127780598996
component	15	8.0																						0.059625660433807	60.0	91.0	4.0	0.9723569138837883	2	1	0.5237127780598996
component	15	9.0																						0.0301303223635003	10.0	48.0	12.0		2	1	0.5237127780598996
component	15	10.0																						0.0418354622288706	21.0	26.0	10.0	0.9676298145299393	2	1	0.5237127780598996
component	15	11.0																						0.014211866118175	10.0	10.0	15.0		2	1	0.5237127780598996
component	15	12.0																						0.0447722610321615	40.0	45.0	7.0	0.9683843183843184	2	1	0.5237127780598996
component	15	13.0																						0.0429673941660433	20.0	25.0	9.0	0.9325095057034221	2	1	0.5237127780598996
component	15	14.0																						0.3500780942408377	319.0	925.0	1.0	0.7044196930445176	2	1	0.5237127780598996
component	15	15.0																						0.0444097486910994	25.0	61.0	8.0	0.915	2	1	0.5237127780598996
k_summary	16		0.64919	0.0023799999999999	0.3652715748115993	0.0002199999999998	0.590418100972326	0.512253	0.30044	0.372964	0.845704	0.999849	0.4851333639022304	0.5879081147228338	3.2974865039753545	3.2025297176483924	0.906277962807152	0.9135477371531662	0.95893536121673	30.0	10.0	8.0	15.0						23	0	-1.0
component	16	1.0																						0.0217227389678384	10.0	10.0	15.0		23	0	-1.0
component	16	2.0																						0.0994616469708302	43.0	88.0	2.0	0.9794407745905348	23	0	-1.0
component	16	3.0																						0.060245163051608	60.0	95.0	5.0	0.9723569138837883	23	0	-1.0
component	16	4.0																						0.0268458653702318	20.0	20.0	13.0	0.873212639705035	23	0	-1.0
component	16	5.0																						0.3132359611069558	280.0	874.0	1.0	0.7343915458511266	23	0	-1.0
component	16	6.0																						0.0953324382946896	62.0	179.0	3.0	0.9092997627181051	23	0	-1.0
component	16	7.0																						0.0139950426327599	10.0	10.0	16.0		23	0	-1.0
component	16	8.0																						0.0453279005235602	40.0	45.0	7.0	0.9683843183843184	23	0	-1.0
component	16	9.0																						0.0588310560957367	20.0	42.0	6.0	0.5420177406752822	23	0	-1.0
component	16	10.0																						0.0296200037397157	30.0	30.0	11.0	0.973981457108596	23	0	-1.0
component	16	11.0																						0.0434174420344053	25.0	61.0	8.0	0.9125527175527177	23	0	-1.0
component	16	12.0																						0.0291678623784592	10.0	48.0	12.0		23	0	-1.0
component	16	13.0																						0.0641562812266267	21.0	64.0	4.0	0.7516859208316994	23	0	-1.0
component	16	14.0																						0.0265405467464472	20.0	20.0	14.0	0.9924098398432999	23	0	-1.0
component	16	15.0																						0.0355255086013463	20.0	40.0	10.0	0.7981852572103059	23	0	-1.0
component	16	16.0																						0.036574574420344	28.0	28.0	9.0	0.8300254452926209	23	0	-1.0
k_summary	17		0.64728	0.00191	0.2942127882438235	-0.0004699999999998	0.6102972026925954	0.538062	0.33258	0.408616	0.851508	0.99984	0.4737416265898483	0.5733010086589894	3.0759992183293936	3.0013581389318964	0.9818756897639292	0.940676489120882	0.9696279422930904	30.0	10.0	8.0	15.0						21	0	-1.0
component	17	1.0																						0.0296500740463724	10.0	48.0	12.0		21	0	-1.0
component	17	2.0																						0.096627995512341	62.0	176.0	2.0	0.9202136546184739	21	0	-1.0
component	17	3.0																						0.0264977217651458	20.0	20.0	15.0	0.9924098398432999	21	0	-1.0
component	17	4.0																						0.0595796611817501	60.0	89.0	4.0	0.9723569138837883	21	0	-1.0
component	17	5.0																						0.0679125056095736	27.0	66.0	3.0	0.8333413147366636	21	0	-1.0
component	17	6.0																						0.038454354525056	28.0	28.0	9.0	0.8300254452926209	21	0	-1.0
component	17	7.0																						0.3427048990276739	334.0	897.0	1.0	0.7152096285351205	21	0	-1.0
component	17	8.0																						0.0213000306656694	10.0	11.0	16.0		21	0	-1.0
component	17	9.0																						0.0433443919222139	25.0	61.0	6.0	0.9141728541728542	21	0	-1.0
component	17	10.0																						0.0300791256544502	10.0	21.0	11.0		21	0	-1.0
component	17	11.0																						0.0414211069558713	21.0	26.0	8.0	0.9676298145299393	21	0	-1.0
component	17	12.0																						0.0360720553477935	20.0	40.0	10.0	0.8724904942965779	21	0	-1.0
component	17	13.0																						0.0141759985041136	10.0	10.0	17.0		21	0	-1.0
component	17	14.0																						0.0538585946148092	40.0	55.0	5.0	0.9683843183843184	21	0	-1.0
component	17	15.0																						0.0268137509349289	20.0	20.0	14.0	0.873212639705035	21	0	-1.0
component	17	16.0																						0.043071564697083	20.0	25.0	7.0	0.9325095057034221	21	0	-1.0
component	17	17.0																						0.0284361540762902	30.0	30.0	13.0	0.973981457108596	21	0	-1.0
k_summary	18		0.64541	0.0018699999999999	0.2889012483005697	-4.0000000000151026e-05	0.6076728780852656	0.527499	0.3288678	0.394351	0.837373	0.99983	0.4667296917029675	0.5588281099285864	3.1883868414840237	3.0076398836515525	0.9564195587167224	0.8965326145593789	0.9314242652599848	30.0	10.0	8.0	15.0						18	0	-1.0
component	18	1.0																						0.0371819364248317	20.0	25.0	9.0	0.9325095057034221	18	0	-1.0
component	18	2.0																						0.3149410688107704	317.0	856.0	1.0	0.7300782530679154	18	0	-1.0
component	18	3.0																						0.0471823455497382	20.0	22.0	6.0	0.9673306256481162	18	0	-1.0
component	18	4.0																						0.0184186103216155	10.0	11.0	17.0		18	0	-1.0
component	18	5.0																						0.0860681361256544	52.0	157.0	2.0	0.9142580990629183	18	0	-1.0
component	18	6.0																						0.0393834577412116	23.0	61.0	8.0	0.9125527175527177	18	0	-1.0
component	18	7.0																						0.0577575138369483	21.0	64.0	5.0	0.9097861597861598	18	0	-1.0
component	18	8.0																						0.0587444465220643	60.0	91.0	4.0	0.9723569138837883	18	0	-1.0
component	18	9.0																						0.025952540762902	20.0	20.0	15.0	0.9924098398432999	18	0	-1.0
component	18	10.0																						0.0281523507853403	30.0	30.0	13.0	0.973981457108596	18	0	-1.0
component	18	11.0																						0.0343520538519072	28.0	28.0	12.0	0.8300254452926209	18	0	-1.0
component	18	12.0																						0.04554671802543	40.0	45.0	7.0	0.9683843183843184	18	0	-1.0
component	18	13.0																						0.0679808578908003	20.0	70.0	3.0	0.7266906741906741	18	0	-1.0
component	18	14.0																						0.0250842789827973	20.0	20.0	16.0	0.873212639705035	18	0	-1.0
component	18	15.0																						0.0344299498878085	20.0	40.0	11.0	0.8138768757437669	18	0	-1.0
component	18	16.0																						0.0275258556469708	10.0	46.0	14.0		18	0	-1.0
component	18	17.0																						0.0142257576664173	10.0	10.0	18.0		18	0	-1.0
component	18	18.0																						0.0370721174270755	21.0	26.0	10.0	0.9676298145299393	18	0	-1.0
k_summary	19		0.64318	0.00223	0.3455168032723486	0.0003600000000001	0.5880094233358265	0.511994	0.288927	0.344797	0.8563	0.99982	0.4690678826310728	0.575186274953169	3.4836855134426625	3.182143086558088	0.93418931743695	0.836455616640472	0.8651092690278824	30.0	10.0	8.0	15.0						20	0	-1.0
component	19	1.0																						0.0953326088257292	36.0	119.0	2.0	0.7699451032059728	20	0	-1.0
component	19	2.0																						0.0332955205684368	21.0	26.0	11.0	0.9683496357356398	20	0	-1.0
component	19	3.0																						0.0338014637247569	20.0	40.0	10.0	0.801948758445205	20	0	-1.0
component	19	4.0																						0.0393330777860882	23.0	61.0	8.0	0.9125527175527177	20	0	-1.0
component	19	5.0																						0.0242877247569184	20.0	20.0	16.0	0.873212639705035	20	0	-1.0
component	19	6.0																						0.0201762071802543	10.0	10.0	18.0		20	0	-1.0
component	19	7.0																						0.0254967442034405	20.0	20.0	15.0	0.9924098398432999	20	0	-1.0
component	19	8.0																						0.0136386058339566	10.0	10.0	19.0		20	0	-1.0
component	19	9.0																						0.027152043380703	10.0	46.0	14.0		20	0	-1.0
component	19	10.0																						0.0776335706806282	50.0	134.0	3.0	0.9149677658000422	20	0	-1.0
component	19	11.0																						0.0518355841436051	20.0	60.0	6.0	0.7964733171709917	20	0	-1.0
component	19	12.0																						0.044285325355273	40.0	45.0	7.0	0.9683843183843184	20	0	-1.0
component	19	13.0																						0.0210287427075542	10.0	10.0	17.0		20	0	-1.0
component	19	14.0																						0.0326225093492894	28.0	28.0	12.0	0.8300254452926209	20	0	-1.0
component	19	15.0																						0.0574014053851907	60.0	88.0	5.0	0.9658730158730158	20	0	-1.0
component	19	16.0																						0.0355600665669409	20.0	25.0	9.0	0.9325095057034221	20	0	-1.0
component	19	17.0																						0.0276841376215407	30.0	30.0	13.0	0.973981457108596	20	0	-1.0
component	19	18.0																						0.2760377157816006	236.0	799.0	1.0	0.6921840737093958	20	0	-1.0
component	19	19.0																						0.0633969596110695	20.0	60.0	4.0	0.7266906741906741	20	0	-1.0
k_summary	20		0.64096	0.0022199999999999	0.3451599863179825	-1.0000000000065512e-05	0.5813804338070307	0.486409	0.3079326	0.384496	0.804834	0.99981	0.444267028877837	0.5178489891213371	3.289345793961316	3.1303611235869364	0.9844406725084972	0.8537904574895099	0.827430293896006	30.0	10.0	8.0	15.0						13	0	-1.0
component	20	1.0																						0.0286365542258788	20.0	26.0	12.0	0.9679824688706352	13	0	-1.0
component	20	2.0																						0.0388875086013462	20.0	59.0	7.0	0.9164750957854405	13	0	-1.0
component	20	3.0																						0.0319969349289454	20.0	40.0	9.0	0.8138768757437669	13	0	-1.0
component	20	4.0																						0.0193565459985041	10.0	10.0	18.0		13	0	-1.0
component	20	5.0																						0.0558820800299177	45.0	60.0	4.0	0.8396352774064173	13	0	-1.0
component	20	6.0																						0.0375546634255796	23.0	61.0	8.0	0.9121072171072171	13	0	-1.0
component	20	7.0																						0.1382880875093492	67.0	294.0	2.0	0.5371125952911017	13	0	-1.0
component	20	8.0																						0.013332440538519	10.0	10.0	20.0		13	0	-1.0
component	20	9.0																						0.0308487150336574	28.0	28.0	10.0	0.8300254452926209	13	0	-1.0
component	20	10.0																						0.0828451667913238	61.0	129.0	3.0	0.9087746506464672	13	0	-1.0
component	20	11.0																						0.0166265736724008	10.0	11.0	19.0		13	0	-1.0
component	20	12.0																						0.0252497068062827	20.0	20.0	15.0	0.9924098398432999	13	0	-1.0
component	20	13.0																						0.0238085325355273	10.0	44.0	17.0		13	0	-1.0
component	20	14.0																						0.0250692064323111	10.0	21.0	16.0		13	0	-1.0
component	20	15.0																						0.0400555609573672	40.0	44.0	6.0	0.9683843183843184	13	0	-1.0
component	20	16.0																						0.0301363403141361	20.0	25.0	11.0	0.9325095057034221	13	0	-1.0
component	20	17.0																						0.2533208721017203	117.0	829.0	1.0	0.6692491204205494	13	0	-1.0
component	20	18.0																						0.0555302183994016	60.0	84.0	5.0	0.9277595834117573	13	0	-1.0
component	20	19.0																						0.0254061847419596	20.0	20.0	14.0	0.873212639705035	13	0	-1.0
component	20	20.0																						0.0271681413612565	30.0	30.0	13.0	0.973981457108596	13	0	-1.0
k_summary	21		0.63925	0.0017099999999999	0.2667873190214662	-0.00051	0.585396899775617	0.514284	0.2592032	0.336836	0.873291	0.9998	0.4338438291741299	0.4972757371939388	3.366358469214193	2.998228308449253	0.996279157795842	0.9029996018063464	0.9053030303030304	30.0	10.0	8.0	15.0						10	0	-1.0
component	21	1.0																						0.0128746888556469	10.0	10.0	21.0		10	0	-1.0
component	21	2.0																						0.029978751682872	28.0	28.0	10.0	0.8300254452926209	10	0	-1.0
component	21	3.0																						0.0540875317875841	57.0	79.0	5.0	0.9277595834117573	10	0	-1.0
component	21	4.0																						0.0188406828721017	10.0	10.0	18.0		10	0	-1.0
component	21	5.0																						0.0269797636499626	30.0	30.0	13.0	0.973981457108596	10	0	-1.0
component	21	6.0																						0.0808890014958863	61.0	125.0	3.0	0.8770754277814611	10	0	-1.0
component	21	7.0																						0.0251714727000747	20.0	20.0	14.0	0.9924098398432999	10	0	-1.0
component	21	8.0																						0.1970012124158564	143.0	529.0	1.0	0.713127480732655	10	0	-1.0
component	21	9.0																						0.0232741421091997	10.0	21.0	16.0	0.8415442447286553	10	0	-1.0
component	21	10.0																						0.0383354502617801	20.0	46.0	7.0	0.8515413412886431	10	0	-1.0
component	21	11.0																						0.1874327808526552	79.0	602.0	2.0	0.5931617622102296	10	0	-1.0
component	21	12.0																						0.0365938653702318	23.0	61.0	8.0	0.9135658914728684	10	0	-1.0
component	21	13.0																						0.0393002049364248	40.0	44.0	6.0	0.9683843183843184	10	0	-1.0
component	21	14.0																						0.0313682064323111	20.0	38.0	9.0	0.86336609049165	10	0	-1.0
component	21	15.0																						0.029404837696335	20.0	25.0	11.0	0.9729602647084434	10	0	-1.0
component	21	16.0																						0.0229507651458489	10.0	43.0	17.0		10	0	-1.0
component	21	17.0																						0.0580967591623036	46.0	60.0	4.0	0.8396352774064173	10	0	-1.0
component	21	18.0																						0.0185662460732984	10.0	10.0	19.0		10	0	-1.0
component	21	19.0																						0.0281624667165295	20.0	26.0	12.0	0.9683496357356398	10	0	-1.0
component	21	20.0																						0.0246451099476439	20.0	20.0	15.0	0.873212639705035	10	0	-1.0
component	21	21.0																						0.0160461346297681	10.0	11.0	20.0		10	0	-1.0
k_summary	22		0.63777	0.00148	0.2315213140398963	-0.0002299999999999	0.585304593118923	0.512427	0.2416978	0.327535	0.89258	0.99979	0.4352315923467718	0.4973459006711002	3.549821500195089	3.035100908714223	0.90244672037324	0.7898178040202212	0.6865109269027883	30.0	10.0	8.0	15.0						11	0	-1.0
component	22	1.0																						0.0264467501869857	30.0	30.0	14.0	0.973981457108596	11	0	-1.0
component	22	2.0																						0.0212489252056843	10.0	21.0	18.0	0.8415442447286553	11	0	-1.0
component	22	3.0																						0.0299550157068062	28.0	28.0	11.0	0.8300254452926209	11	0	-1.0
component	22	4.0																						0.0758923807030665	58.0	113.0	3.0	0.8881216344630978	11	0	-1.0
component	22	5.0																						0.0189328197456993	10.0	10.0	19.0		11	0	-1.0
component	22	6.0																						0.0245786387434555	20.0	20.0	15.0	0.9924098398432999	11	0	-1.0
component	22	7.0																						0.1997065923709798	147.0	563.0	1.0	0.6781815255283069	11	0	-1.0
component	22	8.0																						0.0183630216903515	10.0	10.0	20.0		11	0	-1.0
component	22	9.0																						0.1632195183246073	60.0	483.0	2.0	0.6279368556865651	11	0	-1.0
component	22	10.0																						0.0129070897531787	10.0	10.0	22.0		11	0	-1.0
component	22	11.0																						0.0570986409872849	45.0	60.0	4.0	0.8396352774064173	11	0	-1.0
component	22	12.0																						0.02848847868362	20.0	26.0	13.0	0.9683496357356398	11	0	-1.0
component	22	13.0																						0.0380329663425579	40.0	44.0	7.0	0.9683843183843184	11	0	-1.0
component	22	14.0																						0.0160556694091249	10.0	11.0	21.0		11	0	-1.0
component	22	15.0																						0.0312610628272251	20.0	38.0	10.0	0.8663656267104543	11	0	-1.0
component	22	16.0																						0.037593019446522	17.0	18.0	8.0		11	0	-1.0
component	22	17.0																						0.0388073081525804	20.0	55.0	6.0	0.9164750957854405	11	0	-1.0
component	22	18.0																						0.0212568608825729	10.0	22.0	17.0		11	0	-1.0
component	22	19.0																						0.0235647314884068	20.0	20.0	16.0	0.873212639705035	11	0	-1.0
component	22	20.0																						0.0519378833208676	56.0	75.0	5.0	0.9277595834117573	11	0	-1.0
component	22	21.0																						0.0291199962602842	20.0	25.0	12.0	0.9729602647084434	11	0	-1.0
component	22	22.0																						0.0355326350037397	23.0	61.0	9.0	0.9132471341773668	11	0	-1.0
k_summary	23		0.63648	0.0012899999999999	0.2022672750364398	-0.0001900000000001	0.5974486970830217	0.51491	0.2911838	0.347019	0.882137	0.99978	0.4562187244819854	0.5656598598494815	3.5855434095902172	3.2532428675717395	0.8776209376470191	0.8636980876849257	0.6799007444168734	30.0	10.0	8.0	15.0						17	0	-1.0
component	23	1.0																						0.0218007120418848	20.0	20.0	18.0	0.9924098398432999	17	0	-1.0
component	23	2.0																						0.0171840747943156	10.0	11.0	22.0		17	0	-1.0
component	23	3.0																						0.0266000059835452	10.0	46.0	15.0		17	0	-1.0
component	23	4.0																						0.0425279416604338	23.0	45.0	7.0	0.7754805054223659	17	0	-1.0
component	23	5.0																						0.0242604143605086	20.0	20.0	16.0	0.873212639705035	17	0	-1.0
component	23	6.0																						0.0490839446522064	20.0	60.0	5.0	0.7589491147105842	17	0	-1.0
component	23	7.0																						0.2648887255048617	218.0	787.0	1.0	0.656717692282801	17	0	-1.0
component	23	8.0																						0.057578119670905	60.0	88.0	4.0	0.9632128740824392	17	0	-1.0
component	23	9.0																						0.0277875347793567	30.0	30.0	14.0	0.973981457108596	17	0	-1.0
component	23	10.0																						0.030585947643979	20.0	25.0	12.0	0.9325095057034221	17	0	-1.0
component	23	11.0																						0.0192865781600598	10.0	10.0	21.0		17	0	-1.0
component	23	12.0																						0.0394848130142109	23.0	61.0	8.0	0.9121072171072171	17	0	-1.0
component	23	13.0																						0.0116652700074794	10.0	10.0	23.0		17	0	-1.0
component	23	14.0																						0.0305672453253552	20.0	26.0	13.0	0.9045914724407164	17	0	-1.0
component	23	15.0																						0.0431551398653702	40.0	44.0	6.0	0.9683843183843184	17	0	-1.0
component	23	16.0																						0.0337202385938668	20.0	40.0	9.0	0.9255890655605483	17	0	-1.0
component	23	17.0																						0.0628247995512341	26.0	35.0	3.0	0.9645255855803558	17	0	-1.0
component	23	18.0																						0.0199293821989528	10.0	10.0	20.0		17	0	-1.0
component	23	19.0																						0.0334244083769633	28.0	28.0	10.0	0.8300254452926209	17	0	-1.0
component	23	20.0																						0.0218511974569932	10.0	21.0	17.0		17	0	-1.0
component	23	21.0																						0.0326741967090501	21.0	26.0	11.0	0.9683496357356398	17	0	-1.0
component	23	22.0																						0.0204742557965594	10.0	10.0	19.0		17	0	-1.0
component	23	23.0																						0.0686450329094988	43.0	91.0	2.0	0.8655749762048975	17	0	-1.0
k_summary	24		0.6355	0.00098	0.1539718451483301	-0.0003099999999998	0.5632957449513837	0.464271	0.2475316	0.317931	0.86579	0.99977	0.4481271720530492	0.5395948848019116	3.911801147048445	3.5221497864928017	0.8335746352498233	0.7646943600477445	0.4874141876430206	30.0	10.0	8.0	15.0						16	0	-1.0
component	24	1.0																						0.0297151525804038	28.0	28.0	10.0	0.8300254452926209	16	0	-1.0
component	24	2.0																						0.0230594899027673	10.0	21.0	17.0	0.8415442447286553	16	0	-1.0
component	24	3.0																						0.0126188818249813	10.0	10.0	23.0		16	0	-1.0
component	24	4.0																						0.0244668436798803	20.0	20.0	15.0	0.873212639705035	16	0	-1.0
component	24	5.0																						0.0211703627524308	10.0	15.0	19.0		16	0	-1.0
component	24	6.0																						0.0863101697830964	32.0	86.0	3.0	0.8913056292366639	16	0	-1.0
component	24	7.0																						0.0154251024682124	10.0	10.0	22.0		16	0	-1.0
component	24	8.0																						0.0370495826477187	20.0	51.0	7.0	0.9162396537100406	16	0	-1.0
component	24	9.0																						0.0361691316379955	23.0	61.0	8.0	0.9148433022652551	16	0	-1.0
component	24	10.0																						0.0271299970082273	20.0	26.0	11.0	0.9683496357356398	16	0	-1.0
component	24	11.0																						0.0254473470456245	16.0	25.0	13.0	0.9466548631468956	16	0	-1.0
component	24	12.0																						0.015779842183994	10.0	11.0	21.0		16	0	-1.0
component	24	13.0																						0.0183171727748691	10.0	10.0	20.0		16	0	-1.0
component	24	14.0																						0.0225135071054599	10.0	42.0	18.0		16	0	-1.0
component	24	15.0																						0.0307683814510097	20.0	38.0	9.0	0.8273639261794038	16	0	-1.0
component	24	16.0																						0.0387683163799551	40.0	44.0	6.0	0.9683843183843184	16	0	-1.0
component	24	17.0																						0.0535503635003739	57.0	75.0	5.0	0.9277595834117573	16	0	-1.0
component	24	18.0																						0.0117415684367988	10.0	10.0	24.0		16	0	-1.0
component	24	19.0																						0.026513296933433	30.0	30.0	12.0	0.973981457108596	16	0	-1.0
component	24	20.0																						0.1277457314884068	60.0	258.0	2.0	0.8433533576300555	16	0	-1.0
component	24	21.0																						0.0238717157816006	10.0	24.0	16.0	0.9668737120134676	16	0	-1.0
component	24	22.0																						0.186979177262528	73.0	596.0	1.0	0.629624828094285	16	0	-1.0
component	24	23.0																						0.0801001810022438	61.0	128.0	4.0	0.8745887445887446	16	0	-1.0
component	24	24.0																						0.0247886656694091	20.0	20.0	14.0	0.9924098398432999	16	0	-1.0
k_summary	25		0.633	0.0024999999999999	0.393391030684492	0.0015199999999998	0.5915565856394914	0.514122	0.2623802	0.324185	0.907555	0.9997594	0.4445003390215792	0.5449795563911428	3.743612254943128	3.275038744187154	0.8995840511876209	0.8703317511495456	0.5038461538461538	30.0	10.0	8.0	15.0						14	0	-1.0
component	25	1.0																						0.2249892206432311	165.0	683.0	1.0	0.6857846382519789	14	0	-1.0
component	25	2.0																						0.0371281952131638	40.0	44.0	7.0	0.9683843183843184	14	0	-1.0
component	25	3.0																						0.0356362535527299	13.0	50.0	8.0	0.8122200772200772	14	0	-1.0
component	25	4.0																						0.0168250112191473	10.0	11.0	22.0		14	0	-1.0
component	25	5.0																						0.0152630516080777	10.0	10.0	24.0		14	0	-1.0
component	25	6.0																						0.0453785272999252	55.0	75.0	5.0	0.9723569138837883	14	0	-1.0
component	25	7.0																						0.0251678257292445	30.0	30.0	14.0	0.973981457108596	14	0	-1.0
component	25	8.0																						0.0620885459985041	45.0	60.0	4.0	0.8216105769230768	14	0	-1.0
component	25	9.0																						0.0307160732984293	21.0	26.0	11.0	0.9683496357356398	14	0	-1.0
component	25	10.0																						0.0673744741959611	42.0	91.0	3.0	0.8606204906204906	14	0	-1.0
component	25	11.0																						0.0390382999252056	23.0	61.0	6.0	0.9121072171072171	14	0	-1.0
component	25	12.0																						0.1014777038145101	36.0	164.0	2.0	0.8016323998582063	14	0	-1.0
component	25	13.0																						0.0304451929693343	20.0	25.0	13.0	0.9729602647084434	14	0	-1.0
component	25	14.0																						0.0337584584891548	28.0	28.0	9.0	0.8300254452926209	14	0	-1.0
component	25	15.0																						0.0197741824981301	10.0	10.0	19.0		14	0	-1.0
component	25	16.0																						0.0201889177262528	10.0	10.0	18.0		14	0	-1.0
component	25	17.0																						0.01861674644727	10.0	10.0	20.0		14	0	-1.0
component	25	18.0																						0.0241761682872101	20.0	20.0	15.0	0.873212639705035	14	0	-1.0
component	25	19.0																						0.0211459184741959	20.0	20.0	17.0	0.9924098398432999	14	0	-1.0
component	25	20.0																						0.022229421091997	10.0	21.0	16.0		14	0	-1.0
component	25	21.0																						0.0175053126402393	10.0	10.0	21.0		14	0	-1.0
component	25	22.0																						0.0325461278982797	20.0	40.0	10.0	0.8138768757437669	14	0	-1.0
component	25	23.0																						0.0167108795811518	10.0	15.0	23.0		14	0	-1.0
component	25	24.0																						0.011165584143605	10.0	10.0	25.0		14	0	-1.0
component	25	25.0																						0.0306539528795811	20.0	26.0	12.0	0.8843764935806269	14	0	-1.0
k_summary	26		0.63159	0.00141	0.2227488151658803	-0.0010899999999999	0.5964232902019447	0.499896	0.266193	0.359174	0.967747	0.99975	0.4369116433878488	0.5409404861092738	3.681176197067854	3.2444275056728653	0.8689232068243289	0.7667036371268107	0.4492753623188406	30.0	10.0	8.0	15.0						12	0	-1.0
component	26	1.0																						0.0153264899027673	10.0	10.0	23.0		12	0	-1.0
component	26	2.0																						0.02114622513089	20.0	20.0	20.0	0.9924098398432999	12	0	-1.0
component	26	3.0																						0.0115937741211667	10.0	10.0	26.0		12	0	-1.0
component	26	4.0																						0.0694197359760658	42.0	91.0	2.0	0.8645496236047417	12	0	-1.0
component	26	5.0																						0.029604526551982	21.0	26.0	13.0	0.9683496357356398	12	0	-1.0
component	26	6.0																						0.0379382647718773	40.0	44.0	8.0	0.9683843183843184	12	0	-1.0
component	26	7.0																						0.0235014502617801	20.0	20.0	17.0	0.873212639705035	12	0	-1.0
component	26	8.0																						0.0421800523560209	18.0	47.0	7.0	0.936923076923077	12	0	-1.0
component	26	9.0																						0.0152326626776365	10.0	10.0	24.0		12	0	-1.0
component	26	10.0																						0.0426348369483919	20.0	60.0	6.0	0.9097861597861598	12	0	-1.0
component	26	11.0																						0.0157356724008975	10.0	11.0	22.0		12	0	-1.0
component	26	12.0																						0.0273016245325355	16.0	25.0	15.0	0.9466548631468956	12	0	-1.0
component	26	13.0																						0.0504329117427075	32.0	34.0	4.0	0.8913056292366639	12	0	-1.0
component	26	14.0																						0.2244344622288706	137.0	699.0	1.0	0.7002100768887847	12	0	-1.0
component	26	15.0																						0.0216588092744951	10.0	21.0	18.0		12	0	-1.0
component	26	16.0																						0.0213895063575168	10.0	24.0	19.0	0.8879815981191769	12	0	-1.0
component	26	17.0																						0.0311657913238593	28.0	28.0	11.0	0.8300254452926209	12	0	-1.0
component	26	18.0																						0.0182856305160807	10.0	10.0	21.0		12	0	-1.0
component	26	19.0																						0.0258128706058339	30.0	30.0	16.0	0.973981457108596	12	0	-1.0
component	26	20.0																						0.0321155691847419	20.0	40.0	10.0	0.8497674826708781	12	0	-1.0
component	26	21.0																						0.0455326514584891	55.0	75.0	5.0	0.9735598020603156	12	0	-1.0
component	26	22.0																						0.066744813762154	26.0	103.0	3.0	0.9098814229249012	12	0	-1.0
component	26	23.0																						0.0372207935676888	23.0	61.0	9.0	0.9121072171072171	12	0	-1.0
component	26	24.0																						0.0284771159311892	20.0	27.0	14.0	0.9045914724407164	12	0	-1.0
component	26	25.0																						0.0143575138369483	10.0	15.0	25.0		12	0	-1.0
component	26	26.0																						0.0307562662677636	20.0	25.0	12.0	0.9321659942530403	12	0	-1.0
k_summary	27		0.6303	0.00129	0.2042464256875526	-0.00012	0.583281645474944	0.495535	0.2327976	0.304885	0.976316	0.99974	0.4164693141333628	0.4972076637843117	3.832924825233256	3.1101934472917923	0.8332128591665937	0.7738156607868483	0.4581763376036172	30.0	10.0	8.0	15.0						9	0	-1.0
component	27	1.0																						0.0360335183246073	20.0	42.0	9.0	0.9403833967046895	9	0	-1.0
component	27	2.0																						0.1547742475691847	93.0	366.0	1.0	0.6970313276121056	9	0	-1.0
component	27	3.0																						0.0216175086013462	20.0	20.0	19.0	0.873212639705035	9	0	-1.0
component	27	4.0																						0.0251256679132385	17.0	17.0	17.0		9	0	-1.0
component	27	5.0																						0.0177594577412116	10.0	20.0	21.0	0.8415442447286553	9	0	-1.0
component	27	6.0																						0.0108365100972326	10.0	10.0	27.0		9	0	-1.0
component	27	7.0																						0.0277202528047868	24.0	53.0	12.0	0.9621391594279196	9	0	-1.0
component	27	8.0																						0.0175746626776365	10.0	10.0	22.0		9	0	-1.0
component	27	9.0																						0.0269170680628272	20.0	25.0	13.0	0.9729602647084434	9	0	-1.0
component	27	10.0																						0.014444416604338	10.0	11.0	24.0		9	0	-1.0
component	27	11.0																						0.0244021189229618	25.0	36.0	18.0	0.9733042115345544	9	0	-1.0
component	27	12.0																						0.0259823373223635	20.0	26.0	15.0	0.9683496357356398	9	0	-1.0
component	27	13.0																						0.0261747068062827	20.0	25.0	14.0	0.8537404580152671	9	0	-1.0
component	27	14.0																						0.0253363694839192	30.0	30.0	16.0	0.973981457108596	9	0	-1.0
component	27	15.0																						0.038638119670905	18.0	43.0	7.0	0.9372616572616572	9	0	-1.0
component	27	16.0																						0.0385782438294689	40.0	44.0	8.0	0.9279952710185266	9	0	-1.0
component	27	17.0																						0.0432533522812266	33.0	51.0	6.0	0.8930805658613096	9	0	-1.0
component	27	18.0																						0.0534494435302917	39.0	74.0	3.0	0.869124474559257	9	0	-1.0
component	27	19.0																						0.0205971989528795	20.0	20.0	20.0	0.9924098398432999	9	0	-1.0
component	27	20.0																						0.0279439992520568	28.0	28.0	11.0	0.8300254452926209	9	0	-1.0
component	27	21.0																						0.0476274173522812	44.0	60.0	5.0	0.8335631127450981	9	0	-1.0
component	27	22.0																						0.0142264016454749	10.0	11.0	25.0		9	0	-1.0
component	27	23.0																						0.0516509917726252	26.0	88.0	4.0	0.8950980392156863	9	0	-1.0
component	27	24.0																						0.0303415953627524	20.0	37.0	10.0	0.8247553188401591	9	0	-1.0
component	27	25.0																						0.0156224734480179	10.0	10.0	23.0		9	0	-1.0
component	27	26.0																						0.1498146955871354	37.0	458.0	2.0	0.606406400616927	9	0	-1.0
component	27	27.0																						0.0135572370979805	10.0	15.0	26.0		9	0	-1.0
k_summary	28		0.63023	7.00000000000145e-05	0.0111058226241495	-0.0012199999999999	0.614983119670905	0.535446	0.272808	0.358628	0.981443	0.99973	0.411179415797955	0.4948160965282187	3.558274194118856	3.050272304512207	0.9063300676930602	0.874227006917762	0.8583396801218584	30.0	10.0	8.0	15.0						6	0	-1.0
component	28	1.0																						0.0130690456245325	10.0	10.0	26.0		6	0	-1.0
component	28	2.0																						0.0251496798803291	20.0	20.0	15.0	0.9403833967046895	6	0	-1.0
component	28	3.0																						0.0648948504113687	48.0	101.0	2.0	0.9146406508887843	6	0	-1.0
component	28	4.0																						0.0197698062827225	10.0	17.0	20.0		6	0	-1.0
component	28	5.0																						0.0127898339566192	10.0	15.0	27.0		6	0	-1.0
component	28	6.0																						0.0247434988780852	20.0	26.0	16.0	0.9683496357356398	6	0	-1.0
component	28	7.0																						0.0281278646222887	28.0	28.0	12.0	0.8300254452926209	6	0	-1.0
component	28	8.0																						0.0140817711293941	10.0	10.0	25.0		6	0	-1.0
component	28	9.0																						0.0272624801795063	20.0	25.0	13.0	0.9325095057034221	6	0	-1.0
component	28	10.0																						0.0302761226626776	20.0	38.0	11.0	0.801948758445205	6	0	-1.0
component	28	11.0																						0.0362843156320119	40.0	43.0	9.0	0.9683843183843184	6	0	-1.0
component	28	12.0																						0.0228176649214659	20.0	20.0	18.0	0.873212639705035	6	0	-1.0
component	28	13.0																						0.0417080905011219	27.0	46.0	6.0	0.943033858033858	6	0	-1.0
component	28	14.0																						0.0349669992520568	23.0	61.0	10.0	0.9121072171072171	6	0	-1.0
component	28	15.0																						0.0242930732984293	20.0	20.0	17.0	0.9924098398432999	6	0	-1.0
component	28	16.0																						0.0368321166791323	22.0	44.0	8.0	0.7872795137330021	6	0	-1.0
component	28	17.0																						0.0193430710545998	10.0	21.0	21.0	0.8443340246572186	6	0	-1.0
component	28	18.0																						0.0603208683620044	30.0	51.0	3.0	0.6573795556353697	6	0	-1.0
component	28	19.0																						0.0165652662677636	10.0	10.0	23.0		6	0	-1.0
component	28	20.0																						0.0148819611069558	10.0	11.0	24.0		6	0	-1.0
component	28	21.0																						0.0111207105459985	8.0	8.0	28.0		6	0	-1.0
component	28	22.0																						0.2107508541510845	140.0	653.0	1.0	0.6996348473758813	6	0	-1.0
component	28	23.0																						0.041097981301421	48.0	67.0	7.0	0.9667447916666667	6	0	-1.0
component	28	24.0																						0.0563516394913986	26.0	91.0	4.0	0.9087386135556585	6	0	-1.0
component	28	25.0																						0.0470363395661929	32.0	34.0	5.0	0.8913056292366639	6	0	-1.0
component	28	26.0																						0.0221530964846671	16.0	25.0	19.0		6	0	-1.0
component	28	27.0																						0.0253983268511593	30.0	30.0	14.0	0.973981457108596	6	0	-1.0
component	28	28.0																						0.0179126619296933	10.0	10.0	22.0		6	0	-1.0
k_summary	29		0.62728	0.00295	0.468083080780034	0.0028799999999999	0.6104051802543008	0.52829	0.2598017999999999	0.345078	0.996648	0.99972	0.4033467994242056	0.4720394687435177	3.674954135425792	2.8620752780459293	0.9176106911990772	0.8564608137188129	0.8596491228070176	30.0	10.0	8.0	15.0						3	0	-1.0
component	29	1.0																						0.0184120613313388	10.0	19.0	21.0	0.728940949372642	3	0	-1.0
component	29	2.0																						0.0261622528047868	20.0	25.0	13.0	0.9045914724407164	3	0	-1.0
component	29	3.0																						0.0178081735228122	10.0	20.0	22.0	0.8443340246572186	3	0	-1.0
component	29	4.0																						0.0262675931189229	20.0	25.0	12.0	0.9321659942530403	3	0	-1.0
component	29	5.0																						0.0492511338818249	30.0	51.0	6.0	0.6288247418534271	3	0	-1.0
component	29	6.0																						0.035301430815258	40.0	43.0	8.0	0.9683843183843184	3	0	-1.0
component	29	7.0																						0.0272798922961854	28.0	28.0	11.0	0.8300254452926209	3	0	-1.0
component	29	8.0																						0.0776352580403889	32.0	145.0	2.0	0.9249595141700405	3	0	-1.0
component	29	9.0																						0.0516306439790575	32.0	42.0	4.0	0.8913056292366639	3	0	-1.0
component	29	10.0																						0.0453488967838444	55.0	75.0	7.0	0.9735598020603156	3	0	-1.0
component	29	11.0																						0.0158452715033657	10.0	14.0	23.0		3	0	-1.0
component	29	12.0																						0.0509900209424083	26.0	99.0	5.0	0.9033252521624615	3	0	-1.0
component	29	13.0																						0.0136067546746447	10.0	11.0	28.0		3	0	-1.0
component	29	14.0																						0.0529586245325355	39.0	78.0	3.0	0.8506608591682197	3	0	-1.0
component	29	15.0																						0.0113471937172774	10.0	10.0	29.0		3	0	-1.0
component	29	16.0																						0.0258821346297681	30.0	30.0	14.0	0.973981457108596	3	0	-1.0
component	29	17.0																						0.0251229341810022	20.0	20.0	15.0	0.9403833967046895	3	0	-1.0
component	29	18.0																						0.0144876888556469	10.0	10.0	26.0		3	0	-1.0
component	29	19.0																						0.015667804038893	10.0	10.0	24.0		3	0	-1.0
component	29	20.0																						0.02432273223635	20.0	26.0	17.0	0.9683496357356398	3	0	-1.0
component	29	21.0																						0.0145386596858638	10.0	10.0	25.0		3	0	-1.0
component	29	22.0																						0.0250669401645474	17.0	17.0	16.0		3	0	-1.0
component	29	23.0																						0.0343850441286462	23.0	61.0	9.0	0.8997739497739496	3	0	-1.0
component	29	24.0																						0.013663502617801	10.0	15.0	27.0		3	0	-1.0
component	29	25.0																						0.0211391937172774	20.0	20.0	20.0	0.9924098398432999	3	0	-1.0
component	29	26.0																						0.0218377232610321	16.0	25.0	18.0		3	0	-1.0
component	29	27.0																						0.0294522408376963	20.0	37.0	10.0	0.9255890655605483	3	0	-1.0
component	29	28.0																						0.1929836402393417	94.0	610.0	1.0	0.6542473426369131	3	0	-1.0
component	29	29.0																						0.0216045976065819	20.0	20.0	19.0	0.873212639705035	3	0	-1.0
k_summary	30		0.62568	0.0015999999999999	0.2550695064404946	-0.00135	0.6070749947643979	0.496176	0.2950573999999999	0.370106	0.995594	0.99971	0.4135618280835064	0.5085480968330843	3.517904911114604	3.2977665568562697				30.0	10.0	8.0	15.0						7	0	-1.0
component	30	1.0																						0.0576843186237845	39.0	80.0	2.0	0.8867143501858648	7	0	-1.0
component	30	2.0																						0.0254462213911742	20.0	26.0	15.0	0.9676298145299393	7	0	-1.0
component	30	3.0																						0.0281578317127898	20.0	25.0	12.0	0.9325095057034221	7	0	-1.0
component	30	4.0																						0.014015397157816	10.0	11.0	29.0		7	0	-1.0
component	30	5.0																						0.0254032400897531	30.0	30.0	16.0	0.973981457108596	7	0	-1.0
component	30	6.0																						0.0286806432311144	20.0	25.0	10.0	0.9045914724407164	7	0	-1.0
component	30	7.0																						0.0149776925953627	10.0	10.0	26.0		7	0	-1.0
component	30	8.0																						0.0170633029169783	10.0	10.0	24.0		7	0	-1.0
component	30	9.0																						0.0144456596858638	10.0	15.0	28.0		7	0	-1.0
component	30	10.0																						0.0181140643231114	10.0	10.0	23.0		7	0	-1.0
component	30	11.0																						0.0204298406881077	10.0	24.0	20.0	0.9229657794676805	7	0	-1.0
component	30	12.0																						0.0405596619296933	18.0	47.0	5.0	0.9357871954607937	7	0	-1.0
component	30	13.0																						0.0521661099476439	26.0	93.0	4.0	0.9083976410063368	7	0	-1.0
component	30	14.0																						0.0348053597606581	23.0	61.0	7.0	0.9121072171072171	7	0	-1.0
component	30	15.0																						0.0303025100972326	20.0	38.0	8.0	0.9255890655605483	7	0	-1.0
component	30	16.0																						0.0147771884816753	10.0	10.0	27.0		7	0	-1.0
component	30	17.0																						0.0278336948391922	28.0	28.0	13.0	0.8300254452926209	7	0	-1.0
component	30	18.0																						0.0115874472700074	10.0	10.0	30.0		7	0	-1.0
component	30	19.0																						0.0224428683620044	20.0	20.0	18.0	0.873212639705035	7	0	-1.0
component	30	20.0																						0.0544007531787584	32.0	74.0	3.0	0.8913056292366639	7	0	-1.0
component	30	21.0																						0.0183888788332086	10.0	20.0	21.0		7	0	-1.0
component	30	22.0																						0.0296230613313388	10.0	50.0	9.0	0.9028370038899126	7	0	-1.0
component	30	23.0																						0.0360923358264771	40.0	44.0	6.0	0.9683843183843184	7	0	-1.0
component	30	24.0																						0.0243088683620044	16.0	25.0	17.0	0.9466548631468956	7	0	-1.0
component	30	25.0																						0.021599488406881	20.0	20.0	19.0	0.9924098398432999	7	0	-1.0
component	30	26.0																						0.0181665071054599	10.0	17.0	22.0		7	0	-1.0
component	30	27.0																						0.0261432445774121	26.0	37.0	14.0	0.9733042115345544	7	0	-1.0
component	30	28.0																						0.2289678145100972	121.0	735.0	1.0	0.7002506766366521	7	0	-1.0
component	30	29.0																						0.0282079087509349	23.0	53.0	11.0	0.9621391594279196	7	0	-1.0
component	30	30.0																						0.0152080905011219	10.0	10.0	25.0		7	0	-1.0
