sample_idx	IID	FID	dominant_component_broad	q_max_broad	best_embedding_axis1	best_embedding_method	sample_order_rank
909	GSl_0GT230	GREE	0	0.99993	1.2580866	PhyloAE	1
913	GSl_0GT234	GREE	0	0.99993	1.2600855	PhyloAE	2
905	GSl_0GT226	GREE	0	0.99993	1.2674105	PhyloAE	3
910	GSl_0GT231	GREE	0	0.99993	1.2683672	PhyloAE	4
914	GSl_0GT235	GREE	0	0.99993	1.2700032	PhyloAE	5
906	GSl_0GT227	GREE	0	0.99993	1.2864867	PhyloAE	6
908	GSl_0GT229	GREE	0	0.99993	1.2885352	PhyloAE	7
907	GSl_0GT228	GREE	0	0.999925	1.312788	PhyloAE	8
911	GSl_0GT232	GREE	0	0.999924	1.2823824	PhyloAE	9
912	GSl_0GT233	GREE	0	0.999923	1.2801406	PhyloAE	10
554	AMAL_27127	AMAL	0	0.838054	0.75233597	PhyloAE	11
553	AMAL_14509	AMAL	0	0.831769	0.74667233	PhyloAE	12
557	AMAL_29542	AMAL	0	0.82202	0.74865407	PhyloAE	13
559	AMAL_29544	AMAL	0	0.814063	0.7455445	PhyloAE	14
562	AMAL_29547	AMAL	0	0.810873	0.7467097	PhyloAE	15
561	AMAL_29546	AMAL	0	0.805241	0.74271846	PhyloAE	16
556	AMAL_29541	AMAL	0	0.803242	0.7411659	PhyloAE	17
558	AMAL_29543	AMAL	0	0.800652	0.7522989	PhyloAE	18
555	AMAL_29540	AMAL	0	0.783322	0.7433556	PhyloAE	19
560	AMAL_29545	AMAL	0	0.77557	0.7413792	PhyloAE	20
634	HUSK_15873	HUSK	0	0.759063	0.5293779	PhyloAE	21
638	HUSK_29464	HUSK	0	0.75829	0.52896816	PhyloAE	22
631	HUSK_11490	HUSK	0	0.748678	0.5279439	PhyloAE	23
637	HUSK_28926	HUSK	0	0.745048	0.52268815	PhyloAE	24
630	HUSK_11487	HUSK	0	0.736688	0.5232538	PhyloAE	25
629	HUSK_11480	HUSK	0	0.719095	0.51430285	PhyloAE	26
633	HUSK_15872	HUSK	0	0.709271	0.5123357	PhyloAE	27
636	HUSK_28925	HUSK	0	0.67469	0.5044862	PhyloAE	28
632	HUSK_14529	HUSK	0	0.672278	0.49041826	PhyloAE	29
635	HUSK_28487	HUSK	0	0.66838	0.51075965	PhyloAE	30
448	CHOW_22802	CHOW	1	0.870315	-0.6754554	PhyloAE	31
140	CHOW_28874	CHOW	1	0.868688	-0.67335564	PhyloAE	32
118	CHOW_13802	CHOW	1	0.868205	-0.66873586	PhyloAE	33
156	CHOW_28872	CHOW	1	0.864462	-0.681215	PhyloAE	34
449	CHOW_23372	CHOW	1	0.862783	-0.6605593	PhyloAE	35
145	CHOW_28880	CHOW	1	0.858471	-0.67343485	PhyloAE	36
142	CHOW_28885	CHOW	1	0.858054	-0.6605033	PhyloAE	37
151	CHOW_28871	CHOW	1	0.853265	-0.6661033	PhyloAE	38
446	CHOW_15628	CHOW	1	0.846585	-0.67407805	PhyloAE	39
447	CHOW_15630	CHOW	1	0.843164	-0.6640875	PhyloAE	40
376	AKIT_01131	AKIT	1	0.776566	0.009456994	PhyloAE	41
355	AKIT_12755	AKIT	1	0.774858	-0.0036443751	PhyloAE	42
409	AKIT_01134	AKIT	1	0.770989	0.012813138	PhyloAE	43
157	AKIT_01273	AKIT	1	0.76689	-0.020818366	PhyloAE	44
155	AKIT_12342	AKIT	1	0.76453	-0.002584478	PhyloAE	45
356	AKIT_01101	AKIT	1	0.763562	0.008765893	PhyloAE	46
361	AKIT_01132	AKIT	1	0.760109	-0.0122828465	PhyloAE	47
410	AKIT_01278	AKIT	1	0.758231	0.0055856574	PhyloAE	48
154	AKIT_01130	AKIT	1	0.748438	0.00027719326	PhyloAE	49
363	AKIT_12692	AKIT	1	0.737092	-0.008002264	PhyloAE	50
751	SHAR_11449	SHAR	1	0.729251	-0.75403386	PhyloAE	51
980	ShP_0GT365	SHAR	1	0.721428	-0.75428337	PhyloAE	52
1184	SHIB_10H08	SHIB	1	0.691361	-0.3441459	PhyloAE	53
1253	SHIB_17H01	SHIB	1	0.691302	-0.34567016	PhyloAE	54
750	SHAR_11448	SHAR	1	0.688809	-0.75308436	PhyloAE	55
982	ShP_0GT367	SHAR	1	0.683954	-0.75356334	PhyloAE	56
753	SHAR_28940	SHAR	1	0.683392	-0.75392985	PhyloAE	57
752	SHAR_13168	SHAR	1	0.682425	-0.7517614	PhyloAE	58
1258	SHIB_17B05	SHIB	1	0.681218	-0.34503245	PhyloAE	59
1251	SHIB_16D12	SHIB	1	0.679754	-0.34254676	PhyloAE	60
983	ShP_0GT368	SHAR	1	0.677145	-0.7517902	PhyloAE	61
754	SHAR_07995	SHAR	1	0.676768	-0.7569119	PhyloAE	62
1186	SHIB_10B09	SHIB	1	0.672941	-0.34338558	PhyloAE	63
1248	SHIB_16C08	SHIB	1	0.670128	-0.3422927	PhyloAE	64
1183	SHIB_10G08	SHIB	1	0.661296	-0.3452599	PhyloAE	65
979	ShP_0GT364	SHAR	1	0.658287	-0.7547187	PhyloAE	66
1185	SHIB_10A09	SHIB	1	0.650568	-0.34614342	PhyloAE	67
981	ShP_0GT366	SHAR	1	0.649883	-0.75780326	PhyloAE	68
939	Eur_0GT182	EURA	1	0.619986	-0.45388234	PhyloAE	69
931	Eur_0GT174	EURA	1	0.584754	-0.44511163	PhyloAE	70
935	Eur_0GT178	EURA	1	0.583175	-0.44393766	PhyloAE	71
937	Eur_0GT180	EURA	1	0.578591	-0.45404658	PhyloAE	72
934	Eur_0GT177	EURA	1	0.574386	-0.45653355	PhyloAE	73
547	GDJK_24316	GDJK	1	0.560564	-1.7137548	PhyloAE	74
548	GDJK_24589	GDJK	1	0.556863	-1.6975677	PhyloAE	75
936	Eur_0GT179	EURA	1	0.555214	-0.46060652	PhyloAE	76
933	Eur_0GT176	EURA	1	0.550066	-0.45228526	PhyloAE	77
339	PEKE_27448	PEKE	1	0.54782	-1.7219069	PhyloAE	78
346	PEKE_23354	PEKE	1	0.547085	-1.7410427	PhyloAE	79
331	PEKE_23347	PEKE	1	0.543139	-1.7251332	PhyloAE	80
522	PEKE_23363	PEKE	1	0.538316	-1.7259251	PhyloAE	81
310	PEKE_24587	PEKE	1	0.537232	-1.7180961	PhyloAE	82
938	Eur_0GT181	EURA	1	0.536624	-0.45481327	PhyloAE	83
549	WOLF_24889	WOLF-China	1	0.535897	-1.353284	PhyloAE	84
930	Eur_0GT173	EURA	1	0.535601	-0.4530728	PhyloAE	85
550	WOLF_24890	WOLF-Portugal	1	0.531254	-1.4175957	PhyloAE	86
314	PEKE_22966	PEKE	1	0.529144	-1.7329092	PhyloAE	87
545	WOLF_24314	WOLF-Croatia	1	0.526428	-1.3967496	PhyloAE	88
1098	TIBS_05382	TIBS	1	0.525713	-1.6683418	PhyloAE	89
451	PEKE_23356	PEKE	1	0.525276	-1.7050415	PhyloAE	90
551	WOLF_24891	WOLF-Yellowstone	1	0.525171	-1.3699533	PhyloAE	91
1264	TIBS_18H01	TIBS	1	0.524883	-1.6741546	PhyloAE	92
353	PEKE_22961	PEKE	1	0.523756	-1.6827207	PhyloAE	93
1097	TIBS_05381	TIBS	1	0.521636	-1.6673003	PhyloAE	94
1130	TIBS_37A05	TIBS	1	0.521474	-1.6688728	PhyloAE	95
288	PEKE_23359	PEKE	1	0.519874	-1.7082078	PhyloAE	96
764	SHIH_03616	SHIH	1	0.516388	-2.0984538	PhyloAE	97
1095	TIBS_05379	TIBS	1	0.514905	-1.6701602	PhyloAE	98
523	PEKE_22957	PEKE	1	0.5141	-1.6749039	PhyloAE	99
1129	TIBS_37H04	TIBS	1	0.513759	-1.6658775	PhyloAE	100
1131	TIBS_37B05	TIBS	1	0.510226	-1.666043	PhyloAE	101
1233	TIBS_15A09	TIBS	1	0.507539	-1.6605399	PhyloAE	102
552	WOLF_24892	WOLF-India	1	0.500773	-1.4166279	PhyloAE	103
1099	TIBS_05383	TIBS	1	0.496999	-1.6717855	PhyloAE	104
932	Eur_0GT175	EURA	1	0.496785	-0.45509893	PhyloAE	105
1096	TIBS_05380	TIBS	1	0.495322	-1.6626264	PhyloAE	106
22	XIGO_24480	XIGO_China	1	0.489736	-0.70151854	PhyloAE	107
42	TIBM_25313	TIBM_China	1	0.486551	-0.8987302	PhyloAE	108
21	XIGO_24479	XIGO_China	1	0.486284	-0.7001483	PhyloAE	109
40	TIBM_25311	TIBM_China	1	0.486205	-0.89866364	PhyloAE	110
23	XIGO_24481	XIGO_China	1	0.484786	-0.70002776	PhyloAE	111
19	XIGO_24477	XIGO_China	1	0.483135	-0.7027764	PhyloAE	112
39	TIBM_25310	TIBM_China	1	0.47438	-0.87095565	PhyloAE	113
803	TIBM_06482	TIBM	1	0.472657	-0.8917928	PhyloAE	114
43	TIBM_25314	TIBM_China	1	0.471772	-0.86847645	PhyloAE	115
41	TIBM_25312	TIBM_China	1	0.469103	-0.86061555	PhyloAE	116
1270	LHSA_18C10	LHSA	1	0.465256	-1.3598464	PhyloAE	117
546	WOLF_24315	WOLF-Israel	1	0.462609	-1.3606607	PhyloAE	118
1228	LHSA_15F04	LHSA	1	0.455847	-1.3245505	PhyloAE	119
802	TIBM_06481	TIBM	1	0.450431	-0.90139705	PhyloAE	120
799	TIBM_06477	TIBM	1	0.449321	-0.897417	PhyloAE	121
20	XIGO_24478	XIGO_China	1	0.446713	-0.70199585	PhyloAE	122
800	TIBM_06478	TIBM	1	0.438115	-0.8904267	PhyloAE	123
801	TIBM_06479	TIBM	1	0.426099	-0.9001003	PhyloAE	124
159	BLDH_25393	BLDH	2	0.947172	-2.9460092	PhyloAE	125
158	BLDH_11432	BLDH	2	0.941379	-2.9529934	PhyloAE	126
419	BLDH_28398	BLDH	2	0.939647	-2.9318922	PhyloAE	127
358	BLDH_11437	BLDH	2	0.93636	-2.9563177	PhyloAE	128
590	CKCS_14916	CKCS	2	0.931658	-3.9138942	PhyloAE	129
379	BLDH_11438	BLDH	2	0.931208	-2.9380136	PhyloAE	130
299	ACKR_09032	ACKR	2	0.929591	-2.7373009	PhyloAE	131
404	BLDH_01186	BLDH	2	0.929573	-2.9626093	PhyloAE	132
403	BLDH_11433	BLDH	2	0.927874	-2.9321616	PhyloAE	133
378	BLDH_11431	BLDH	2	0.927296	-2.9113302	PhyloAE	134
593	CKCS_07279	CKCS	2	0.926993	-3.9386935	PhyloAE	135
407	BLDH_11436	BLDH	2	0.925384	-2.84873	PhyloAE	136
465	BLDH_25394	BLDH	2	0.924009	-2.9220598	PhyloAE	137
287	ACKR_12453	ACKR	2	0.921196	-2.747296	PhyloAE	138
328	ACKR_12451	ACKR	2	0.91858	-2.7236369	PhyloAE	139
949	ESt_0GT170	ESET	2	0.918306	1.1523645	PhyloAE	140
343	ACKR_12452	ACKR	2	0.915982	-2.6977792	PhyloAE	141
588	CKCS_14912	CKCS	2	0.915827	-3.8625658	PhyloAE	142
281	ACKR_09007	ACKR	2	0.912648	-2.6664567	PhyloAE	143
1206	ISET_13H10	ISET	2	0.912613	1.037542	PhyloAE	144
591	CKCS_15286	CKCS	2	0.911803	-3.9148161	PhyloAE	145
342	ACKR_09991	ACKR	2	0.911605	-2.6074266	PhyloAE	146
948	ESt_0GT169	ESET	2	0.9096	1.1547536	PhyloAE	147
587	CKCS_14911	CKCS	2	0.909113	-3.9248264	PhyloAE	148
585	CKCS_13193	CKCS	2	0.908199	-3.8822293	PhyloAE	149
92	ACKR_27116	ACKR	2	0.907778	-2.6100383	PhyloAE	150
589	CKCS_14913	CKCS	2	0.906001	-3.9346611	PhyloAE	151
607	ECKR_28369	ECKR	2	0.905729	-2.187716	PhyloAE	152
609	ECKR_28473	ECKR	2	0.90559	-2.1887856	PhyloAE	153
943	ESt_0GT164	ESET	2	0.904543	1.1509349	PhyloAE	154
836	GoS_0LU625	GORD	2	0.903763	1.061099	PhyloAE	155
462	ACKR_11414	ACKR	2	0.903585	-2.7450442	PhyloAE	156
594	CKCS_00952	CKCS	2	0.903337	-3.8959858	PhyloAE	157
1026	ISET_27450	ISET	2	0.901692	1.0426153	PhyloAE	158
1237	ISET_15F10	ISET	2	0.900056	1.0420585	PhyloAE	159
592	CKCS_27121	CKCS	2	0.899912	-3.873153	PhyloAE	160
586	CKCS_14520	CKCS	2	0.898807	-3.878037	PhyloAE	161
941	ESt_0GT162	ESET	2	0.898336	1.1484479	PhyloAE	162
1203	ISET_13A10	ISET	2	0.898106	1.042628	PhyloAE	163
829	GoS_0LU606	GORD	2	0.897788	1.0359956	PhyloAE	164
606	ECKR_27591	ECKR	2	0.897757	-2.1870916	PhyloAE	165
291	ACKR_09030	ACKR	2	0.897203	-2.6549802	PhyloAE	166
608	ECKR_28380	ECKR	2	0.896866	-2.178884	PhyloAE	167
945	ESt_0GT166	ESET	2	0.896536	1.1479063	PhyloAE	168
1236	ISET_15B10	ISET	2	0.894623	1.0370028	PhyloAE	169
1238	ISET_15A12	ISET	2	0.893322	1.0377592	PhyloAE	170
940	ESt_0GT161	ESET	2	0.893235	1.1469429	PhyloAE	171
944	ESt_0GT165	ESET	2	0.892274	1.145038	PhyloAE	172
1323	OTTR_36E04	OTTR	2	0.891441	-2.2613354	PhyloAE	173
1239	ISET_15E12	ISET	2	0.890816	1.0352448	PhyloAE	174
832	GoS_0LU613	GORD	2	0.890645	1.0609369	PhyloAE	175
327	ACKR_09110	ACKR	2	0.89011	-2.579979	PhyloAE	176
872	CoS_00GT93	ECKR	2	0.890067	-2.1818893	PhyloAE	177
947	ESt_0GT168	ESET	2	0.889795	1.152821	PhyloAE	178
254	ESSP_04238	ESSP	2	0.88947	-2.6510842	PhyloAE	179
152	ESSP_28464	ESSP	2	0.887884	-2.6553767	PhyloAE	180
942	ESt_0GT163	ESET	2	0.88767	1.1511545	PhyloAE	181
1324	OTTR_36F04	OTTR	2	0.887477	-2.2755804	PhyloAE	182
873	CoS_00GT94	ECKR	2	0.886652	-2.1770039	PhyloAE	183
1025	ISET_27002	ISET	2	0.886317	1.0396602	PhyloAE	184
247	ESSP_04237	ESSP	2	0.886284	-2.64588	PhyloAE	185
1325	OTTR_36H04	OTTR	2	0.886113	-2.255722	PhyloAE	186
295	BASS_10335	BASS	2	0.885536	-1.446151	PhyloAE	187
834	GoS_0LU616	GORD	2	0.884761	1.0450119	PhyloAE	188
1255	OTTR_17C03	OTTR	2	0.884188	-2.2492595	PhyloAE	189
467	BASS_10355	BASS	2	0.882032	-1.451316	PhyloAE	190
1034	FIEL_27194	FIEL	2	0.880882	-2.0903354	PhyloAE	191
1037	FIEL_28377	FIEL	2	0.880277	-2.0978281	PhyloAE	192
946	ESt_0GT167	ESET	2	0.879128	1.1496944	PhyloAE	193
810	Wei_0GT413	WEIM	2	0.879035	2.0644083	PhyloAE	194
833	GoS_0LU615	GORD	2	0.878945	1.0728362	PhyloAE	195
271	ESSP_04235	ESSP	2	0.878409	-2.64808	PhyloAE	196
870	CoS_00GT91	ECKR	2	0.876336	-2.1715634	PhyloAE	197
1326	OTTR_36A05	OTTR	2	0.876231	-2.1919935	PhyloAE	198
1256	OTTR_17D03	OTTR	2	0.875546	-2.2622805	PhyloAE	199
1033	GSET_28456	GORD	2	0.875435	0.94334966	PhyloAE	200
812	Wei_0GT416	WEIM	2	0.874927	2.0333872	PhyloAE	201
468	BASS_10340	BASS	2	0.874537	-1.4400829	PhyloAE	202
471	BASS_10372	BASS	2	0.874013	-1.4448277	PhyloAE	203
286	BASS_10333	BASS	2	0.873838	-1.4427133	PhyloAE	204
1036	FIEL_27554	FIEL	2	0.873523	-2.097406	PhyloAE	205
1246	OTTR_16B07	OTTR	2	0.871556	-2.1978078	PhyloAE	206
871	CoS_00GT92	ECKR	2	0.871547	-2.1817684	PhyloAE	207
322	ESSP_04232	ESSP	2	0.871172	-2.6517253	PhyloAE	208
306	BASS_10342	BASS	2	0.870565	-1.4479082	PhyloAE	209
1257	OTTR_17H04	OTTR	2	0.869843	-2.2236013	PhyloAE	210
831	GoS_0LU610	GORD	2	0.86967	1.0581595	PhyloAE	211
308	ESSP_04198	ESSP	2	0.867368	-2.5174904	PhyloAE	212
318	BASS_10350	BASS	2	0.867291	-1.4419278	PhyloAE	213
1032	GSET_26995	GORD	2	0.86672	0.9785376	PhyloAE	214
830	GoS_0LU607	GORD	2	0.865869	0.9681284	PhyloAE	215
809	Wei_0GT412	WEIM	2	0.865697	2.024647	PhyloAE	216
336	ESSP_04239	ESSP	2	0.86551	-2.6418204	PhyloAE	217
874	CoS_00GT95	ECKR	2	0.864633	-2.171061	PhyloAE	218
808	Wei_0GT411	WEIM	2	0.864165	2.1207943	PhyloAE	219
967	BrS_00GT84	BRIT	2	0.863885	0.7714202	PhyloAE	220
1247	OTTR_16C07	OTTR	2	0.863583	-2.1982582	PhyloAE	221
1007	VIZS_27015	VIZS	2	0.863508	0.8744748	PhyloAE	222
807	Wei_0GT410	WEIM	2	0.862763	2.0567846	PhyloAE	223
806	Wei_0GT409	WEIM	2	0.862621	2.067023	PhyloAE	224
1035	FIEL_27191	FIEL	2	0.861822	-2.0997622	PhyloAE	225
835	GoS_0LU619	GORD	2	0.861351	1.0683346	PhyloAE	226
1005	VIZS_27073	VIZS	2	0.860656	0.8941626	PhyloAE	227
966	BrS_00GT83	BRIT	2	0.859764	0.77152157	PhyloAE	228
469	BASS_10366	BASS	2	0.859578	-1.4426512	PhyloAE	229
332	BASS_10351	BASS	2	0.859101	-1.4435765	PhyloAE	230
579	BRIT_13150	BRIT	2	0.859067	0.7656873	PhyloAE	231
804	Wei_0GT407	WEIM	2	0.858182	2.0435443	PhyloAE	232
470	BASS_10375	BASS	2	0.85762	-1.4441472	PhyloAE	233
341	BEAG_01327	BEAG	2	0.854127	-1.7320191	PhyloAE	234
996	Bgl_000GT7	BEAG	2	0.853697	-1.7171003	PhyloAE	235
580	BRIT_27117	BRIT	2	0.852298	0.7581687	PhyloAE	236
581	BRIT_27137	BRIT	2	0.851566	0.7601355	PhyloAE	237
582	BRIT_28919	BRIT	2	0.851274	0.7604731	PhyloAE	238
628	GSHP_03069	GSHP	2	0.851001	1.0023086	PhyloAE	239
1075	FOXH_23110	FOXH	2	0.850733	-1.7497685	PhyloAE	240
1008	VIZS_27571	VIZS	2	0.850411	0.8877767	PhyloAE	241
623	GSHP_28771	GSHP	2	0.850293	0.97806555	PhyloAE	242
811	Wei_0GT414	WEIM	2	0.850235	2.0636969	PhyloAE	243
239	ESSP_04236	ESSP	2	0.847382	-2.609497	PhyloAE	244
627	GSHP_29551	GSHP	2	0.847216	0.9780654	PhyloAE	245
333	BEAG_07862	BEAG	2	0.84563	-1.7154043	PhyloAE	246
805	Wei_0GT408	WEIM	2	0.844615	1.9332343	PhyloAE	247
1003	WHPG_27013	WHPG	2	0.844507	0.9094965	PhyloAE	248
723	PBGV_09393	PBGV	2	0.843753	-1.3086977	PhyloAE	249
728	PBGV_09420	PBGV	2	0.84363	-1.3128983	PhyloAE	250
626	GSHP_29550	GSHP	2	0.843622	0.9838541	PhyloAE	251
1004	WHPG_27017	WHPG	2	0.843386	0.9103367	PhyloAE	252
725	PBGV_09411	PBGV	2	0.842936	-1.3188987	PhyloAE	253
998	Bgl_000GT9	BEAG	2	0.842424	-1.7141782	PhyloAE	254
1009	VIZS_28366	VIZS	2	0.842327	0.881942	PhyloAE	255
719	PBGV_11478	PBGV	2	0.842235	-1.315208	PhyloAE	256
994	Bgl_000GT5	BEAG	2	0.842207	-1.7254665	PhyloAE	257
720	PBGV_12353	PBGV	2	0.841718	-1.3136756	PhyloAE	258
682	MPOO_28524	MPOO	2	0.841228	0.5292105	PhyloAE	259
997	Bgl_000GT8	BEAG	2	0.840914	-1.7218411	PhyloAE	260
625	GSHP_29549	GSHP	2	0.83965	0.99103314	PhyloAE	261
1072	FOXH_23094	FOXH	2	0.839057	-1.7043538	PhyloAE	262
578	BRIT_12727	BRIT	2	0.838734	0.76185197	PhyloAE	263
965	BrS_00GT82	BRIT	2	0.838654	0.77775687	PhyloAE	264
325	BEAG_07907	BEAG	2	0.838585	-1.72846	PhyloAE	265
347	BEAG_07870	BEAG	2	0.837547	-1.707946	PhyloAE	266
726	PBGV_09415	PBGV	2	0.83658	-1.3096842	PhyloAE	267
620	GSHP_15392	GSHP	2	0.83618	0.959716	PhyloAE	268
721	PBGV_14506	PBGV	2	0.835028	-1.3125502	PhyloAE	269
1070	FOXH_23078	FOXH	2	0.834427	-1.718663	PhyloAE	270
995	Bgl_000GT6	BEAG	2	0.83338	-1.7176522	PhyloAE	271
1077	FOXH_23080	FOXH	2	0.831883	-1.7104524	PhyloAE	272
530	PUG_001026	PUG	2	0.831156	-2.9665685	PhyloAE	273
683	MPOO_28525	MPOO	2	0.830228	0.5279821	PhyloAE	274
724	PBGV_09400	PBGV	2	0.829828	-1.3111044	PhyloAE	275
813	Wei_0GT417	WEIM	2	0.829134	1.831818	PhyloAE	276
621	GSHP_15394	GSHP	2	0.828911	0.9516872	PhyloAE	277
441	PUG_001030	PUG	2	0.828418	-2.941184	PhyloAE	278
1000	WHPG_27001	WHPG	2	0.827844	0.898657	PhyloAE	279
1001	WHPG_27012	WHPG	2	0.827558	0.90710825	PhyloAE	280
502	ESSP_13184	ESSP	2	0.827185	-2.345204	PhyloAE	281
999	WHPG_27039	WHPG	2	0.826469	0.90200394	PhyloAE	282
1011	VIZS_27051	VIZS	2	0.826346	0.88332194	PhyloAE	283
622	GSHP_27023	GSHP	2	0.825668	0.9657302	PhyloAE	284
746	PTWD_06145	PTWD	2	0.825533	0.68621224	PhyloAE	285
1002	WHPG_27016	WHPG	2	0.82502	0.9073944	PhyloAE	286
532	PUG_001069	PUG	2	0.824759	-2.9976368	PhyloAE	287
968	BrS_00GT85	BRIT	2	0.823055	0.7621096	PhyloAE	288
964	BrS_00GT81	BRIT	2	0.822555	0.7727276	PhyloAE	289
1245	GWHP_16E05	GWHP	2	0.821792	0.84527355	PhyloAE	290
1006	VIZS_26998	VIZS	2	0.821586	0.8699007	PhyloAE	291
619	GSHP_13151	GSHP	2	0.821577	0.97021157	PhyloAE	292
743	PTWD_05838	PTWD	2	0.819046	0.6886445	PhyloAE	293
130	BELS_23989	BELS	2	0.81855	3.1000261	PhyloAE	294
524	PUG_001104	PUG	2	0.818478	-2.879385	PhyloAE	295
531	PUG_001027	PUG	2	0.817724	-3.0018742	PhyloAE	296
744	PTWD_05862	PTWD	2	0.817627	0.6813339	PhyloAE	297
624	GSHP_29548	GSHP	2	0.817226	0.936335	PhyloAE	298
685	MPOO_28535	MPOO	2	0.817177	0.5275542	PhyloAE	299
741	PTWD_05676	PTWD	2	0.816215	0.68271023	PhyloAE	300
727	PBGV_09419	PBGV	2	0.815968	-1.3173584	PhyloAE	301
722	PBGV_07322	PBGV	2	0.815684	-1.3122623	PhyloAE	302
125	BELS_22740	BELS	2	0.815183	3.175753	PhyloAE	303
324	BEAG_01324	BEAG	2	0.815077	-1.5560423	PhyloAE	304
527	PUG_001021	PUG	2	0.81421	-2.9691076	PhyloAE	305
1069	FOXH_23074	FOXH	2	0.814007	-1.6787645	PhyloAE	306
529	PUG_001025	PUG	2	0.81219	-2.9758968	PhyloAE	307
1010	VIZS_28367	VIZS	2	0.812074	0.87267137	PhyloAE	308
525	PUG_001018	PUG	2	0.811621	-2.983091	PhyloAE	309
679	MPOO_27535	MPOO	2	0.811034	0.52922523	PhyloAE	310
528	PUG_001022	PUG	2	0.810609	-2.9307427	PhyloAE	311
1074	FOXH_23077	FOXH	2	0.810136	-1.6631538	PhyloAE	312
640	IWSP_27438	IWSP	2	0.810021	0.87695915	PhyloAE	313
1073	FOXH_23089	FOXH	2	0.809627	-1.5797849	PhyloAE	314
183	TPOO_09079	TPOO	2	0.808557	0.52284944	PhyloAE	315
647	IWSP_07575	IWSP	2	0.808302	0.87764686	PhyloAE	316
642	IWSP_28372	IWSP	2	0.807715	0.88047904	PhyloAE	317
749	PTWD_09118	PTWD	2	0.807167	0.6866267	PhyloAE	318
1068	FOXH_23056	FOXH	2	0.80698	-1.5490682	PhyloAE	319
1243	SPIN_16E03	SPIN	2	0.806889	0.74104565	PhyloAE	320
132	BELS_28296	BELS	2	0.806762	3.273082	PhyloAE	321
645	IWSP_07556	IWSP	2	0.805647	0.8809933	PhyloAE	322
686	MPOO_28538	MPOO	2	0.805396	0.5294159	PhyloAE	323
1014	LMUN_27296	LMUN	2	0.804777	0.74571764	PhyloAE	324
117	TURV_24636	TURV	2	0.804612	3.1377482	PhyloAE	325
742	PTWD_05827	PTWD	2	0.803784	0.6829219	PhyloAE	326
646	IWSP_07569	IWSP	2	0.803382	0.87910897	PhyloAE	327
974	BeT_00GT18	TURV	2	0.80278	2.847778	PhyloAE	328
359	GPYR_06369	GPYR	2	0.802242	1.1664443	PhyloAE	329
681	MPOO_28478	MPOO	2	0.801133	0.5221092	PhyloAE	330
644	IWSP_07522	IWSP	2	0.800776	0.87798315	PhyloAE	331
1262	GWHP_17B10	GWHP	2	0.80061	0.8697342	PhyloAE	332
131	BELS_28284	BELS	2	0.800384	3.26022	PhyloAE	333
745	PTWD_05874	PTWD	2	0.799854	0.6867449	PhyloAE	334
1261	SPIN_17A07	SPIN	2	0.799265	0.7213431	PhyloAE	335
133	BELS_28292	BELS	2	0.799235	3.1617744	PhyloAE	336
747	PTWD_06247	PTWD	2	0.798738	0.6845469	PhyloAE	337
678	MPOO_27223	MPOO	2	0.798605	0.5276466	PhyloAE	338
978	BeT_00GT25	TURV	2	0.797452	2.8712976	PhyloAE	339
687	MPOO_28542	MPOO	2	0.796817	0.5304579	PhyloAE	340
680	MPOO_28469	MPOO	2	0.796441	0.5173196	PhyloAE	341
639	IWSP_27029	IWSP	2	0.795568	0.8753722	PhyloAE	342
121	TPOO_10442	TPOO	2	0.79537	0.519113	PhyloAE	343
1012	LMUN_27292	LMUN	2	0.79436	0.7374538	PhyloAE	344
648	IWSP_07761	IWSP	2	0.794242	0.84001344	PhyloAE	345
1013	LMUN_27295	LMUN	2	0.793851	0.7364028	PhyloAE	346
107	HAVA_27160	HAVA	2	0.793707	0.3999982	PhyloAE	347
350	ESSP_13183	ESSP	2	0.793664	-0.84011275	PhyloAE	348
748	PTWD_06621	PTWD	2	0.792691	0.68264806	PhyloAE	349
127	BELS_22739	BELS	2	0.792569	3.094799	PhyloAE	350
1071	FOXH_23096	FOXH	2	0.791773	-1.4880385	PhyloAE	351
209	TPOO_09069	TPOO	2	0.791684	0.5286915	PhyloAE	352
135	BELS_24606	BELS	2	0.791572	3.2111669	PhyloAE	353
181	TPOO_09067	TPOO	2	0.791381	0.52727765	PhyloAE	354
316	TPOO_09080	TPOO	2	0.790466	0.5237021	PhyloAE	355
1182	BICH_10H01	BICH	2	0.79003	0.2770908	PhyloAE	356
643	IWSP_28373	IWSP	2	0.789346	0.875823	PhyloAE	357
395	GPYR_08840	GPYR	2	0.78843	1.1684021	PhyloAE	358
684	MPOO_28526	MPOO	2	0.788044	0.526555	PhyloAE	359
895	StP_0GT375	SPOO	2	0.786796	0.8436014	PhyloAE	360
456	FCR_012026	FCR	2	0.786699	1.5377998	PhyloAE	361
148	TPOO_26331	TPOO	2	0.786669	0.5190576	PhyloAE	362
106	SPOO_27219	SPOO	2	0.786625	0.8758902	PhyloAE	363
116	TURV_24635	TURV	2	0.786356	2.4402483	PhyloAE	364
418	SPOO_28536	SPOO	2	0.785757	0.8727744	PhyloAE	365
187	HAVA_07423	HAVA	2	0.785436	0.39810553	PhyloAE	366
113	TPOO_27222	TPOO	2	0.785422	0.5256561	PhyloAE	367
185	HAVA_07323	HAVA	2	0.785295	0.39816973	PhyloAE	368
405	GPYR_04971	GPYR	2	0.785028	1.1709255	PhyloAE	369
459	BELS_27485	BELS	2	0.784982	3.1227145	PhyloAE	370
134	BELS_15646	BELS	2	0.784235	3.122446	PhyloAE	371
179	TPOO_09064	TPOO	2	0.783891	0.5252803	PhyloAE	372
976	BeT_00GT23	TURV	2	0.783392	2.5377607	PhyloAE	373
916	GSh_0GT206	GSD	2	0.783206	3.5444965	PhyloAE	374
461	TURV_27484	TURV	2	0.78283	3.0927196	PhyloAE	375
168	GPYR_12349	GPYR	2	0.782225	1.1704932	PhyloAE	376
102	SPOO_27218	SPOO	2	0.78222	0.87883836	PhyloAE	377
189	HAVA_07424	HAVA	2	0.782214	0.39948398	PhyloAE	378
114	SPOO_27225	SPOO	2	0.780912	0.8765269	PhyloAE	379
898	StP_0GT378	SPOO	2	0.780566	0.8809849	PhyloAE	380
919	GSh_0GT209	GSD	2	0.78048	3.746155	PhyloAE	381
518	IBIZ_01228	IBIZ	2	0.779801	0.8286657	PhyloAE	382
166	GPYR_08830	GPYR	2	0.779675	1.1636511	PhyloAE	383
126	BELS_22734	BELS	2	0.779311	3.077294	PhyloAE	384
1320	REDB_35F11	REDB	2	0.778986	-1.453029	PhyloAE	385
641	IWSP_27560	IWSP	2	0.778434	0.87883455	PhyloAE	386
975	BeT_00GT22	TURV	2	0.778356	2.4201975	PhyloAE	387
312	IBIZ_01281	IBIZ	2	0.778019	0.82880193	PhyloAE	388
400	GPYR_04168	GPYR	2	0.777753	1.160989	PhyloAE	389
897	StP_0GT377	SPOO	2	0.776788	0.86185414	PhyloAE	390
199	HAVA_07533	HAVA	2	0.776156	0.3977809	PhyloAE	391
1312	PHAR_34D11	PHAR	2	0.775375	0.7315945	PhyloAE	392
261	IBIZ_01146	IBIZ	2	0.774658	0.8300281	PhyloAE	393
406	GPYR_08839	GPYR	2	0.774573	1.1667827	PhyloAE	394
918	GSh_0GT208	GSD	2	0.774241	3.5097027	PhyloAE	395
202	GSD_013191	GSD	2	0.773911	3.6937895	PhyloAE	396
205	GSD_014567	GSD	2	0.773175	3.530798	PhyloAE	397
917	GSh_0GT207	GSD	2	0.773137	3.500968	PhyloAE	398
248	IBIZ_01086	IBIZ	2	0.772885	0.831348	PhyloAE	399
414	HAVA_27929	HAVA	2	0.7722	0.395258	PhyloAE	400
526	PUG_001183	PUG	2	0.771805	-2.7136967	PhyloAE	401
147	BRIA_27587	BRIA	2	0.771397	1.4656283	PhyloAE	402
103	GOLD_27004	GOLD	2	0.771139	0.9952688	PhyloAE	403
896	StP_0GT376	SPOO	2	0.771019	0.87284404	PhyloAE	404
1123	MALT_37C01	MALT	2	0.770684	0.39873087	PhyloAE	405
963	Dac_0GT118	DACH	2	0.770511	-1.25389	PhyloAE	406
413	GSD_028486	GSD	2	0.770376	3.42296	PhyloAE	407
899	StP_0GT379	SPOO	2	0.77014	0.8467186	PhyloAE	408
193	BRIA_20022	BRIA	2	0.770071	1.4631394	PhyloAE	409
182	DOBP_06082	DOBP	2	0.770069	1.8976119	PhyloAE	410
349	DACH_08267	DACH	2	0.769303	-1.2543129	PhyloAE	411
962	Dac_0GT117	DACH	2	0.76919	-1.2534717	PhyloAE	412
519	IBIZ_01230	IBIZ	2	0.769017	0.8304605	PhyloAE	413
345	DACH_08241	DACH	2	0.768686	-1.2550629	PhyloAE	414
122	FCR_020576	FCR	2	0.768642	1.547366	PhyloAE	415
169	GPYR_27750	GPYR	2	0.768033	1.1345607	PhyloAE	416
255	IBIZ_01128	IBIZ	2	0.767918	0.82930845	PhyloAE	417
203	BRIA_14565	BRIA	2	0.767527	1.4633381	PhyloAE	418
201	HAVA_07524	HAVA	2	0.767427	0.3940813	PhyloAE	419
1124	MALT_37D01	MALT	2	0.766805	0.39985633	PhyloAE	420
224	HAVA_07628	HAVA	2	0.766428	0.39652634	PhyloAE	421
1127	MALT_37G01	MALT	2	0.766428	0.39933717	PhyloAE	422
977	BeT_00GT24	TURV	2	0.766118	2.402557	PhyloAE	423
273	IBIZ_01316	IBIZ	2	0.765865	0.82928026	PhyloAE	424
240	IBIZ_01084	IBIZ	2	0.765616	0.8288494	PhyloAE	425
231	BRIA_20240	BRIA	2	0.765518	1.4649174	PhyloAE	426
1079	MALT_27446	MALT	2	0.765247	0.39938247	PhyloAE	427
128	TURV_22772	TURV	2	0.765054	2.431179	PhyloAE	428
961	Dac_0GT116	DACH	2	0.764886	-1.2542577	PhyloAE	429
915	GSh_0GT205	GSD	2	0.764836	3.592619	PhyloAE	430
204	TPOO_07578	TPOO	2	0.764177	0.49897128	PhyloAE	431
1043	CCRT_27018	CCRT	2	0.763833	0.6236935	PhyloAE	432
1321	REDB_35B12	REDB	2	0.763752	-1.3902206	PhyloAE	433
1076	FOXH_23075	FOXH	2	0.763644	-1.4947368	PhyloAE	434
229	BRIA_20212	BRIA	2	0.762579	1.4631575	PhyloAE	435
1122	MALT_37B01	MALT	2	0.762519	0.3982877	PhyloAE	436
841	Dob_0LU152	DOBP	2	0.761725	1.8142574	PhyloAE	437
99	SPOO_27151	SPOO	2	0.761239	0.8764078	PhyloAE	438
674	MPIN_12873	MPIN	2	0.761219	0.013904618	PhyloAE	439
129	TURV_22781	TURV	2	0.760852	2.3992057	PhyloAE	440
112	FCR_027140	FCR	2	0.759999	1.5015091	PhyloAE	441
77	FCR_027420	FCR	2	0.759364	1.5265571	PhyloAE	442
1199	BICH_13C09	BICH	2	0.75929	0.2726683	PhyloAE	443
232	GSD_004181	GSD	2	0.758303	3.7162066	PhyloAE	444
869	GRe_0GT220	GOLD	2	0.758209	0.9886272	PhyloAE	445
477	BRIA_07780	BRIA	2	0.758198	1.4596139	PhyloAE	446
1128	MALT_37H01	MALT	2	0.758176	0.39850846	PhyloAE	447
206	TPOO_10439	TPOO	2	0.757034	0.48645744	PhyloAE	448
268	IBIZ_01148	IBIZ	2	0.756829	0.8284605	PhyloAE	449
335	DACH_08265	DACH	2	0.756776	-1.2531489	PhyloAE	450
167	GPYR_08836	GPYR	2	0.756438	1.1107429	PhyloAE	451
516	GSNZ_13235	GSNZ	2	0.755813	1.0780107	PhyloAE	452
676	MPIN_12876	MPIN	2	0.755712	-0.00029413216	PhyloAE	453
959	Dac_0GT114	DACH	2	0.755585	-1.2551203	PhyloAE	454
605	DOBP_01031	DOBP	2	0.755582	1.8207408	PhyloAE	455
105	GOLD_27005	GOLD	2	0.755092	0.99384254	PhyloAE	456
902	Rtw_0GT353	ROTT	2	0.754687	1.7512184	PhyloAE	457
1044	CCRT_27336	CCRT	2	0.754645	0.62402815	PhyloAE	458
177	BRIA_20217	BRIA	2	0.754355	1.46414	PhyloAE	459
74	FCR_027007	FCR	2	0.75417	1.5379649	PhyloAE	460
207	GOLD_07286	GOLD	2	0.753829	0.9932402	PhyloAE	461
960	Dac_0GT115	DACH	2	0.753739	-1.2529355	PhyloAE	462
1018	KEES_24630	KEES	2	0.753735	0.21384439	PhyloAE	463
210	BRIA_14502	BRIA	2	0.753509	1.4624103	PhyloAE	464
1125	MALT_37E01	MALT	2	0.752933	0.3921729	PhyloAE	465
867	GRe_0GT218	GOLD	2	0.752595	0.99921304	PhyloAE	466
669	MPIN_12866	MPIN	2	0.752544	0.014832603	PhyloAE	467
415	HAVA_27930	HAVA	2	0.752532	0.3868307	PhyloAE	468
865	GRe_0GT212	GOLD	2	0.752437	0.99827904	PhyloAE	469
186	DOBP_06072	DOBP	2	0.752251	1.8514063	PhyloAE	470
170	GPYR_27751	GPYR	2	0.751312	1.1318778	PhyloAE	471
1190	BICH_12E05	BICH	2	0.750793	0.27155536	PhyloAE	472
1208	BICH_13G11	BICH	2	0.749841	0.28349704	PhyloAE	473
840	Dob_0LU151	DOBP	2	0.749734	1.7836627	PhyloAE	474
1204	BICH_13C10	BICH	2	0.749625	0.28111017	PhyloAE	475
188	DOBP_06043	DOBP	2	0.749467	1.8654219	PhyloAE	476
838	Dob_0LU149	DOBP	2	0.749424	1.7355901	PhyloAE	477
690	MSNZ_12930	MSNZ	2	0.749379	3.5835164	PhyloAE	478
89	FCR_027273	FCR	2	0.748401	1.5334885	PhyloAE	479
837	Dob_0LU148	DOBP	2	0.748249	1.7929076	PhyloAE	480
819	Sci_LU1466	SKIP	2	0.748112	-1.1147544	PhyloAE	481
868	GRe_0GT219	GOLD	2	0.747696	0.986697	PhyloAE	482
86	GOLD_27014	GOLD	2	0.747563	0.9945399	PhyloAE	483
1139	BICH_Z1D09	BICH	2	0.747485	0.28055143	PhyloAE	484
321	DACH_08260	DACH	2	0.747366	-1.2526363	PhyloAE	485
675	MPIN_12874	MPIN	2	0.747021	0.010051416	PhyloAE	486
1019	KEES_24631	KEES	2	0.746742	0.21513614	PhyloAE	487
691	MSNZ_24656	MSNZ	2	0.746695	3.4234977	PhyloAE	488
46	CIRN_26438	CIRN_Italy	2	0.746122	0.7007231	PhyloAE	489
1160	BRUS_Z4F02	BRUS	2	0.745665	0.06355319	PhyloAE	490
671	MPIN_12869	MPIN	2	0.745563	0.0018979777	PhyloAE	491
227	BRIA_20268	BRIA	2	0.745369	1.4594101	PhyloAE	492
670	MPIN_12867	MPIN	2	0.745161	0.008300828	PhyloAE	493
307	DACH_08257	DACH	2	0.745088	-1.2532232	PhyloAE	494
180	DOBP_06079	DOBP	2	0.744975	1.8458399	PhyloAE	495
1313	PHAR_34E11	PHAR	2	0.74494	0.7290433	PhyloAE	496
692	MSNZ_24692	MSNZ	2	0.74477	3.5301063	PhyloAE	497
1168	DALM_Z5H10	DALM	2	0.744753	0.50965303	PhyloAE	498
1078	MALT_27447	MALT	2	0.744524	0.39717847	PhyloAE	499
509	GSNZ_13267	GSNZ	2	0.744159	1.0765806	PhyloAE	500
1021	KEES_27433	KEES	2	0.74368	0.21509524	PhyloAE	501
1164	DALM_Z5F08	DALM	2	0.742831	0.51010877	PhyloAE	502
195	BRIA_20026	BRIA	2	0.74192	1.4633594	PhyloAE	503
301	IBIZ_01088	IBIZ	2	0.741861	0.8318836	PhyloAE	504
1193	BICH_12A06	BICH	2	0.741426	0.2737157	PhyloAE	505
1166	BRUS_Z5H09	BRUS	2	0.741131	-0.5776215	PhyloAE	506
673	MPIN_12872	MPIN	2	0.741126	0.0052218307	PhyloAE	507
30	CPAT_24532	CPAT_Italy	2	0.741015	1.8737649	PhyloAE	508
1327	CCRT_42G05	CCRT	2	0.740749	0.62713546	PhyloAE	509
233	GSD_004371	GSD	2	0.740666	3.6768851	PhyloAE	510
839	Dob_0LU150	DOBP	2	0.740589	1.7895187	PhyloAE	511
696	MSNZ_07671	MSNZ	2	0.739795	3.5409822	PhyloAE	512
900	Rtw_0GT351	ROTT	2	0.739612	1.7200387	PhyloAE	513
866	GRe_0GT217	GOLD	2	0.738822	0.9863267	PhyloAE	514
457	FCR_010697	FCR	2	0.738698	1.5022424	PhyloAE	515
45	CIRN_26437	CIRN_Italy	2	0.738688	0.70551264	PhyloAE	516
1180	BMAL_Z9B12	BMAL	2	0.73867	2.0611339	PhyloAE	517
51	FCR_024743	FCR	2	0.738131	1.5309558	PhyloAE	518
693	MSNZ_24693	MSNZ	2	0.737999	3.5587056	PhyloAE	519
1200	BICH_13D09	BICH	2	0.737766	0.28133923	PhyloAE	520
511	GSNZ_13273	GSNZ	2	0.737756	1.082671	PhyloAE	521
1179	BMAL_Z9G11	BMAL	2	0.737383	1.9800525	PhyloAE	522
47	CIRN_26441	CIRN_Italy	2	0.736863	0.71300876	PhyloAE	523
672	MPIN_12870	MPIN	2	0.73681	-0.009389756	PhyloAE	524
1201	BICH_13E09	BICH	2	0.736689	0.27064145	PhyloAE	525
688	MSNZ_12928	MSNZ	2	0.736049	3.6138995	PhyloAE	526
1161	DALM_Z4A06	DALM	2	0.73577	0.507592	PhyloAE	527
433	ITGY_28389	ITGY	2	0.73557	-0.5076181	PhyloAE	528
823	Sci_LU1473	SKIP	2	0.735385	-1.1199039	PhyloAE	529
48	CIRN_26635	CIRN_Italy	2	0.734204	0.7227325	PhyloAE	530
352	LAB_011121	LAB	2	0.734083	0.8361092	PhyloAE	531
274	PAPI_06205	PAPI	2	0.73373	-0.10914378	PhyloAE	532
1042	CCRT_27282	CCRT	2	0.733397	0.6280238	PhyloAE	533
165	ROTT_01014	ROTT	2	0.733102	1.7671378	PhyloAE	534
512	GSNZ_12317	GSNZ	2	0.732627	1.0791552	PhyloAE	535
513	GSNZ_13553	GSNZ	2	0.732198	1.0787715	PhyloAE	536
163	ROTT_27544	ROTT	2	0.732143	1.7730368	PhyloAE	537
164	ROTT_15437	ROTT	2	0.731133	1.7687774	PhyloAE	538
351	ITGY_06386	ITGY	2	0.73077	-0.512698	PhyloAE	539
860	LRe_0GT269	LAB	2	0.730724	0.8285547	PhyloAE	540
695	MSNZ_07530	MSNZ	2	0.730715	3.6018412	PhyloAE	541
903	Rtw_0GT354	ROTT	2	0.73018	1.6812481	PhyloAE	542
815	Sci_LU1457	SKIP	2	0.730043	-1.1177145	PhyloAE	543
1290	CCRT_30E02	CCRT	2	0.729947	0.625796	PhyloAE	544
901	Rtw_0GT352	ROTT	2	0.729916	1.7422199	PhyloAE	545
436	ITGY_28387	ITGY	2	0.729643	-0.5089628	PhyloAE	546
734	POM_006410	POM	2	0.729103	0.17294557	PhyloAE	547
330	ITGY_08506	ITGY	2	0.728925	-0.5157137	PhyloAE	548
323	ITGY_26972	ITGY	2	0.7289	-0.5167634	PhyloAE	549
791	GSMD_28923	GSMD	2	0.728452	0.38766146	PhyloAE	550
697	MSNZ_07672	MSNZ	2	0.728309	3.531857	PhyloAE	551
1181	BICH_10G01	BICH	2	0.72814	0.27950394	PhyloAE	552
219	PAPI_22902	PAPI	2	0.728025	-0.11356314	PhyloAE	553
514	GSNZ_16154	GSNZ	2	0.727963	1.0627501	PhyloAE	554
357	ROTT_13005	ROTT	2	0.727919	1.7883496	PhyloAE	555
864	LRe_0GT273	LAB	2	0.727903	0.83052367	PhyloAE	556
313	ITGY_08502	ITGY	2	0.727842	-0.51756936	PhyloAE	557
221	PAPI_14935	PAPI	2	0.727359	-0.1188983	PhyloAE	558
1024	KEES_29630	KEES	2	0.727234	0.21673776	PhyloAE	559
731	POM_001235	POM	2	0.727164	0.17276295	PhyloAE	560
256	PAPI_07262	PAPI	2	0.727059	-0.11368209	PhyloAE	561
1306	BOUV_34F01	BOUV	2	0.727054	1.2452408	PhyloAE	562
1038	DALM_27381	DALM	2	0.726643	0.51288354	PhyloAE	563
1045	CCRT_27031	CCRT	2	0.726611	0.62719834	PhyloAE	564
1126	MALT_37F01	MALT	2	0.725979	0.40563878	PhyloAE	565
520	ITGY_15288	ITGY	2	0.725486	-0.5122016	PhyloAE	566
1015	KEES_22830	KEES	2	0.725219	0.21584518	PhyloAE	567
1023	KEES_29631	KEES	2	0.72445	0.21803832	PhyloAE	568
656	LEON_02215	LEON	2	0.724145	0.8523372	PhyloAE	569
677	MPIN_13229	MPIN	2	0.724131	-0.006489409	PhyloAE	570
689	MSNZ_12929	MSNZ	2	0.723643	3.1313348	PhyloAE	571
44	CIRN_26277	CIRN_Italy	2	0.723586	0.6899888	PhyloAE	572
510	GSNZ_13261	GSNZ	2	0.723139	1.0738744	PhyloAE	573
517	GSNZ_07996	GSNZ	2	0.722027	1.0714637	PhyloAE	574
1020	KEES_24633	KEES	2	0.721876	0.21586059	PhyloAE	575
817	Sci_LU1461	SKIP	2	0.721734	-1.116747	PhyloAE	576
694	MSNZ_25440	MSNZ	2	0.721624	3.594578	PhyloAE	577
1178	BMAL_Z9D10	BMAL	2	0.720918	2.0512652	PhyloAE	578
138	PAPI_28462	PAPI	2	0.720277	-0.114927225	PhyloAE	579
657	LEON_26916	LEON	2	0.720267	0.8031809	PhyloAE	580
338	ITGY_27353	ITGY	2	0.719996	-0.5107826	PhyloAE	581
515	GSNZ_13276	GSNZ	2	0.719269	1.0370215	PhyloAE	582
309	LAB_012997	LAB	2	0.718742	0.82209545	PhyloAE	583
249	PAPI_06685	PAPI	2	0.717931	-0.115827635	PhyloAE	584
821	Sci_LU1469	SKIP	2	0.717406	-1.1164571	PhyloAE	585
1309	BOUV_34B06	BOUV	2	0.717346	1.2513934	PhyloAE	586
738	POM_008520	POM	2	0.717307	0.17379789	PhyloAE	587
863	LRe_0GT272	LAB	2	0.717299	0.8317321	PhyloAE	588
1016	KEES_24628	KEES	2	0.717142	0.2146401	PhyloAE	589
655	LEON_20260	LEON	2	0.717125	0.786431	PhyloAE	590
818	Sci_LU1464	SKIP	2	0.717118	-1.118708	PhyloAE	591
1022	KEES_28498	KEES	2	0.717017	0.21484162	PhyloAE	592
1218	PULI_14E05	PULI	2	0.716929	0.13722171	PhyloAE	593
1167	DALM_Z5G10	DALM	2	0.716611	0.50762695	PhyloAE	594
144	FCR_028379	FCR	2	0.716038	1.5386368	PhyloAE	595
861	LRe_0GT270	LAB	2	0.715951	0.8272162	PhyloAE	596
1162	DALM_Z4C09	DALM	2	0.715789	0.50790197	PhyloAE	597
1041	DALM_27076	DALM	2	0.715223	0.5131709	PhyloAE	598
904	Rtw_0GT355	ROTT	2	0.715043	1.7196854	PhyloAE	599
649	LEON_15580	LEON	2	0.714828	0.8201192	PhyloAE	600
575	BMD_004687	BMD	2	0.714154	-0.25021884	PhyloAE	601
458	ROTT_21895	ROTT	2	0.713945	1.6976336	PhyloAE	602
303	LAB_022113	LAB	2	0.713841	0.84134907	PhyloAE	603
538	SSNZ_11497	SSNZ	2	0.712947	1.8638247	PhyloAE	604
1040	DALM_27075	DALM	2	0.712907	0.5137671	PhyloAE	605
1017	KEES_24629	KEES	2	0.712894	0.21693571	PhyloAE	606
1318	BOUV_35E04	BOUV	2	0.712539	1.2451106	PhyloAE	607
494	CHIH_01205	CHIH	2	0.71228	0.18846394	PhyloAE	608
297	PAPI_23524	PAPI	2	0.712193	-0.1143745	PhyloAE	609
654	LEON_20115	LEON	2	0.712093	0.7841484	PhyloAE	610
36	MAAB_24546	MAAB_Italy	2	0.711772	0.59555113	PhyloAE	611
1118	PUMI_29697	PUMI	2	0.711727	0.120444566	PhyloAE	612
814	Sci_LU1455	SKIP	2	0.711573	-0.111754805	PhyloAE	613
736	POM_006433	POM	2	0.711201	0.1721576	PhyloAE	614
292	LAB_011949	LAB	2	0.71056	0.82089084	PhyloAE	615
141	PAPI_28460	PAPI	2	0.709398	-0.11490907	PhyloAE	616
651	LEON_20045	LEON	2	0.709217	0.7983188	PhyloAE	617
573	BMD_004667	BMD	2	0.709111	-0.2617152	PhyloAE	618
787	GSMD_12332	GSMD	2	0.709072	0.37618983	PhyloAE	619
1307	BOUV_34G01	BOUV	2	0.708554	1.2486118	PhyloAE	620
508	GSNZ_13262	GSNZ	2	0.707819	1.0703324	PhyloAE	621
862	LRe_0GT271	LAB	2	0.707745	0.8317329	PhyloAE	622
275	PAPI_22901	PAPI	2	0.707729	-0.11951426	PhyloAE	623
970	BMD_00GT34	BMD	2	0.707672	-0.2511574	PhyloAE	624
1310	BOUV_34C06	BOUV	2	0.707601	1.2487742	PhyloAE	625
577	BMD_000983	BMD	2	0.707469	-0.24425004	PhyloAE	626
1163	INCA_Z4A11	INCA	2	0.706974	0.79327	PhyloAE	627
788	GSMD_21523	GSMD	2	0.706941	0.3940491	PhyloAE	628
574	BMD_004679	BMD	2	0.706408	-0.26377064	PhyloAE	629
1117	PUMI_29696	PUMI	2	0.706291	0.12141133	PhyloAE	630
493	CHIH_01202	CHIH	2	0.706284	0.1869533	PhyloAE	631
123	CHIH_13131	CHIH	2	0.706256	0.19427858	PhyloAE	632
789	GSMD_21528	GSMD	2	0.706217	0.39442712	PhyloAE	633
536	SSNZ_11495	SSNZ	2	0.705991	1.8699678	PhyloAE	634
737	POM_006435	POM	2	0.705942	0.1719674	PhyloAE	635
88	SSNZ_27424	SSNZ	2	0.705602	1.860963	PhyloAE	636
740	POM_008522	POM	2	0.70556	0.17082453	PhyloAE	637
1170	CRES_Z5H11	CRES	2	0.705461	0.19694261	PhyloAE	638
29	VPIN_24529	VPIN_Italy	2	0.705448	0.17406212	PhyloAE	639
1319	BOUV_35D07	BOUV	2	0.704723	1.2478384	PhyloAE	640
1039	DALM_13301	DALM	2	0.704573	0.5112568	PhyloAE	641
792	GSMD_28924	GSMD	2	0.704458	0.3859686	PhyloAE	642
1157	CRES_Z4D01	CRES	2	0.704081	0.19396406	PhyloAE	643
652	LEON_20046	LEON	2	0.703863	0.84648365	PhyloAE	644
732	POM_001271	POM	2	0.703669	0.17177929	PhyloAE	645
434	ITGY_28393	ITGY	2	0.703402	-0.5141203	PhyloAE	646
827	NFd_LU1388	NEWF	2	0.702777	0.6643662	PhyloAE	647
1121	MALT_37A01	MALT	2	0.702773	0.3885224	PhyloAE	648
521	PAPI_27882	PAPI	2	0.702571	-0.10744704	PhyloAE	649
1219	PULI_14F06	PULI	2	0.702489	0.13833983	PhyloAE	650
658	LEON_29552	LEON	2	0.702045	0.8393349	PhyloAE	651
1305	BOUV_34E01	BOUV	2	0.701985	1.2478105	PhyloAE	652
1156	CRES_Z4C01	CRES	2	0.701869	0.1993097	PhyloAE	653
535	SSNZ_11494	SSNZ	2	0.70129	1.8730356	PhyloAE	654
790	GSMD_25392	GSMD	2	0.701261	0.3944039	PhyloAE	655
822	Sci_LU1471	SKIP	2	0.700822	-0.11445904	PhyloAE	656
533	SSNZ_03180	SSNZ	2	0.700728	1.8926004	PhyloAE	657
541	SSNZ_11491	SSNZ	2	0.700368	1.86403	PhyloAE	658
1115	PUMI_29689	PUMI	2	0.700129	0.12659372	PhyloAE	659
1171	CRES_Z5A12	CRES	2	0.700055	0.19861327	PhyloAE	660
1133	BMAL_39E06	BMAL	2	0.700049	1.953942	PhyloAE	661
1154	CRES_Z4A01	CRES	2	0.699887	0.1957089	PhyloAE	662
969	BMD_00GT33	BMD	2	0.699799	-0.25794393	PhyloAE	663
825	NFd_LU1386	NEWF	2	0.699771	0.66489667	PhyloAE	664
973	BMD_00GT37	BMD	2	0.699286	-0.26099312	PhyloAE	665
1148	INCA_Z2C03	INCA	2	0.699113	0.74733996	PhyloAE	666
971	BMD_00GT35	BMD	2	0.699002	-0.26252025	PhyloAE	667
816	Sci_LU1458	SKIP	2	0.698949	-0.10875149	PhyloAE	668
26	VPIN_24518	VPIN_Italy	2	0.698854	0.17279021	PhyloAE	669
435	ITGY_28390	ITGY	2	0.698771	-0.5263172	PhyloAE	670
1172	CRES_Z5B12	CRES	2	0.698266	0.19835554	PhyloAE	671
93	CHIH_27201	CHIH	2	0.697618	0.1912591	PhyloAE	672
780	BRTR_15420	BRTR	2	0.697514	1.2987493	PhyloAE	673
1265	BMAL_18A03	BMAL	2	0.697485	2.0500548	PhyloAE	674
653	LEON_20093	LEON	2	0.697441	0.8139106	PhyloAE	675
1158	CRES_Z4H01	CRES	2	0.697352	0.19733183	PhyloAE	676
1317	BOUV_35D03	BOUV	2	0.697246	1.2457591	PhyloAE	677
81	HAVA_27428	HAVA	2	0.697243	0.40086892	PhyloAE	678
492	CHIH_01204	CHIH	2	0.69689	0.18920408	PhyloAE	679
390	NEWF_00018	NEWF	2	0.695926	0.6673519	PhyloAE	680
596	DEER_29531	DEER	2	0.695536	-1.0999542	PhyloAE	681
1330	COTO_44G10	COTO	2	0.695336	0.33344817	PhyloAE	682
1151	INCA_Z2D05	INCA	2	0.695227	0.96565586	PhyloAE	683
498	CHIH_13167	CHIH	2	0.694408	0.18463841	PhyloAE	684
302	LAB_012019	LAB	2	0.694401	0.82525235	PhyloAE	685
1134	MXOL_Z1D01	MXOL	2	0.694127	0.62935096	PhyloAE	686
495	CHIH_01206	CHIH	2	0.69351	0.18450676	PhyloAE	687
986	IrW_LU1217	IWOF	2	0.692889	-0.6761413	PhyloAE	688
1165	CRES_Z5F09	CRES	2	0.692695	0.18932869	PhyloAE	689
31	VPIN_24536	VPIN_Italy	2	0.691854	0.1423428	PhyloAE	690
37	VPIN_24547	VPIN_Italy	2	0.69185	0.166779	PhyloAE	691
1085	PULI_27429	PULI	2	0.691496	0.13820347	PhyloAE	692
496	CHIH_13129	CHIH	2	0.6913	0.19282122	PhyloAE	693
820	Sci_LU1468	SKIP	2	0.691005	-1.1125509	PhyloAE	694
1140	INCA_Z1G09	INCA	2	0.690734	0.8124477	PhyloAE	695
32	MAAB_24539	MAAB_Italy	2	0.690333	0.57399076	PhyloAE	696
650	LEON_20042	LEON	2	0.689863	0.81834054	PhyloAE	697
972	BMD_00GT36	BMD	2	0.689406	-0.26852167	PhyloAE	698
1333	SVAL_10043	SVAL	2	0.689281	0.29810524	PhyloAE	699
391	NEWF_21473	NEWF	2	0.689123	0.66911554	PhyloAE	700
777	BRTR_15422	BRTR	2	0.687909	1.3005732	PhyloAE	701
540	SSNZ_07420	SSNZ	2	0.687836	1.872392	PhyloAE	702
1086	PULI_27129	PULI	2	0.687385	0.13684039	PhyloAE	703
1169	CRES_Z5G11	CRES	2	0.687379	0.19952148	PhyloAE	704
499	CHIH_14923	CHIH	2	0.686935	0.18428068	PhyloAE	705
178	KUVZ_05341	KUVZ	2	0.686914	0.6366305	PhyloAE	706
537	SSNZ_11496	SSNZ	2	0.686882	1.870603	PhyloAE	707
828	NFd_LU1390	NEWF	2	0.686808	0.6596983	PhyloAE	708
497	CHIH_13132	CHIH	2	0.686594	0.18332545	PhyloAE	709
779	BRTR_15424	BRTR	2	0.685861	1.292229	PhyloAE	710
826	NFd_LU1387	NEWF	2	0.685717	0.6625852	PhyloAE	711
735	POM_006421	POM	2	0.684924	0.17170124	PhyloAE	712
1331	SVAL_10447	SVAL	2	0.684808	0.29812297	PhyloAE	713
1150	INCA_Z2C05	INCA	2	0.684729	0.69185656	PhyloAE	714
988	IrW_LU1219	IWOF	2	0.684393	-0.6768583	PhyloAE	715
539	SSNZ_03181	SSNZ	2	0.68396	1.8888681	PhyloAE	716
1153	INCA_Z2H08	INCA	2	0.683839	0.73150355	PhyloAE	717
824	NFd_LU1385	NEWF	2	0.683546	0.66086	PhyloAE	718
599	DEER_29536	DEER	2	0.683528	-1.1051687	PhyloAE	719
1119	PUMI_29698	PUMI	2	0.683429	0.1255724	PhyloAE	720
387	IWOF_07590	IWOF	2	0.683259	-0.67326325	PhyloAE	721
534	SSNZ_11493	SSNZ	2	0.683194	1.851921	PhyloAE	722
1177	BMAL_Z9B05	BMAL	2	0.683142	2.0002863	PhyloAE	723
370	NEWF_00277	NEWF	2	0.682234	0.6661644	PhyloAE	724
1226	AESK_15D02	AESK	2	0.681791	0.16320515	PhyloAE	725
1082	NSDT_29586	NSDT	2	0.681459	0.8299637	PhyloAE	726
576	BMD_000972	BMD	2	0.68129	-0.2571822	PhyloAE	727
96	STBD_27062	STBD	2	0.681059	0.1313314	PhyloAE	728
602	DEER_29539	DEER	2	0.679072	-1.1086097	PhyloAE	729
1147	XOLO_Z2F01	XOLO	2	0.678988	1.7732269	PhyloAE	730
1227	KOMO_15G02	KOMO	2	0.678623	0.4253392	PhyloAE	731
1311	COTO_34E10	COTO	2	0.678527	0.3403516	PhyloAE	732
601	DEER_29538	DEER	2	0.678458	-1.1081936	PhyloAE	733
985	IrW_LU1216	IWOF	2	0.678445	-0.67012686	PhyloAE	734
1143	XOLO_Z2A01	XOLO	2	0.678063	1.7529076	PhyloAE	735
1334	SVAL_10069	SVAL	2	0.677752	0.29925966	PhyloAE	736
397	KUVZ_07774	KUVZ	2	0.677	0.5944655	PhyloAE	737
293	AUST_07720	AUST	2	0.67699	-0.23220305	PhyloAE	738
603	DEER_00569	DEER	2	0.676678	-1.103349	PhyloAE	739
778	BRTR_15419	BRTR	2	0.676113	1.2879313	PhyloAE	740
1144	MXOL_Z2B01	MXOL	2	0.676041	0.6990797	PhyloAE	741
739	POM_008521	POM	2	0.675093	0.17496763	PhyloAE	742
604	DEER_00571	DEER	2	0.67486	-1.1051244	PhyloAE	743
33	CPAT_24540	CPAT_Italy	2	0.674616	1.8025385	PhyloAE	744
377	IWOF_05908	IWOF	2	0.674234	-0.67325735	PhyloAE	745
463	IWOF_21534	IWOF	2	0.674174	-0.6710243	PhyloAE	746
1155	CRES_Z4B01	CRES	2	0.674165	0.1965261	PhyloAE	747
1213	AESK_14G01	AESK	2	0.673565	0.16963734	PhyloAE	748
392	NEWF_00057	NEWF	2	0.673174	0.66794753	PhyloAE	749
75	STBD_27063	STBD	2	0.673115	0.13123964	PhyloAE	750
368	IWOF_08486	IWOF	2	0.673005	-0.67568946	PhyloAE	751
1332	SVAL_10600	SVAL	2	0.672154	0.30165613	PhyloAE	752
598	DEER_29535	DEER	2	0.672044	-1.11085	PhyloAE	753
1142	INCA_Z1E12	INCA	2	0.671712	0.3398537	PhyloAE	754
1214	AESK_14D02	AESK	2	0.670336	0.16492784	PhyloAE	755
394	KUVZ_06605	KUVZ	2	0.670292	0.62724	PhyloAE	756
733	POM_012763	POM	2	0.670076	0.17608553	PhyloAE	757
698	NEWF_07312	NEWF	2	0.669887	0.66353595	PhyloAE	758
393	STBD_12747	STBD	2	0.669822	0.13373831	PhyloAE	759
366	STBD_06460	STBD	2	0.669592	0.13057083	PhyloAE	760
176	KUVZ_07318	KUVZ	2	0.669471	0.61677843	PhyloAE	761
360	KUVZ_14517	KUVZ	2	0.669107	0.6152202	PhyloAE	762
1336	SVAL_8407	SVAL	2	0.668929	0.3010671	PhyloAE	763
373	KUVZ_07525	KUVZ	2	0.668803	0.625978	PhyloAE	764
1138	MXOL_Z1C04	MXOL	2	0.667703	0.7985823	PhyloAE	765
1116	PUMI_29695	PUMI	2	0.66637	0.12732853	PhyloAE	766
987	IrW_LU1218	IWOF	2	0.665947	-0.6722501	PhyloAE	767
1136	XOLO_Z1G01	XOLO	2	0.66588	0.7121616	PhyloAE	768
1146	MXOL_Z2E01	MXOL	2	0.664683	0.614135	PhyloAE	769
1083	NSDT_29588	NSDT	2	0.664523	0.82923967	PhyloAE	770
1222	AESK_14D08	AESK	2	0.664436	0.16673309	PhyloAE	771
984	IrW_LU1215	IWOF	2	0.663885	-0.67265207	PhyloAE	772
119	DANE_06610	DANE	2	0.663741	-0.9171354	PhyloAE	773
371	STBD_12749	STBD	2	0.663727	0.13608219	PhyloAE	774
460	STBD_01075	STBD	2	0.663574	0.17538786	PhyloAE	775
396	KUVZ_07616	KUVZ	2	0.663223	0.6255618	PhyloAE	776
1242	BEDT_16B03	BEDT	2	0.663137	-0.23554318	PhyloAE	777
385	IWOF_07534	IWOF	2	0.663086	-0.6759996	PhyloAE	778
1220	AESK_14E07	AESK	2	0.662495	0.1538227	PhyloAE	779
1149	INCA_Z2E03	INCA	2	0.662293	0.81938165	PhyloAE	780
402	STBD_06463	STBD	2	0.661701	0.13191046	PhyloAE	781
1137	XOLO_Z1H01	XOLO	2	0.660247	1.7147053	PhyloAE	782
600	DEER_29537	DEER	2	0.660122	-1.1105258	PhyloAE	783
956	Elk_0GT135	NELK	2	0.659738	0.3658117	PhyloAE	784
849	NSD_0GT291	NSDT	2	0.659668	0.82644504	PhyloAE	785
957	Elk_0GT136	NELK	2	0.659282	0.36296457	PhyloAE	786
595	DEER_28385	DEER	2	0.658635	-1.1092145	PhyloAE	787
1316	KOMO_35C03	KOMO	2	0.657883	0.4237656	PhyloAE	788
290	AUST_07260	AUST	2	0.657562	-0.25765544	PhyloAE	789
1335	SVAL_8343	SVAL	2	0.656933	0.2992578	PhyloAE	790
1141	INCA_Z1F10	INCA	2	0.656879	0.74015564	PhyloAE	791
72	AUST_27161	AUST	2	0.656617	-0.24164535	PhyloAE	792
384	DANE_06695	DANE	2	0.656508	-0.9157043	PhyloAE	793
1241	BEDT_16E01	BEDT	2	0.656412	-0.23336194	PhyloAE	794
953	Elk_0GT132	NELK	2	0.655989	0.36079133	PhyloAE	795
768	YORK_07572	YORK	2	0.655987	-0.75235647	PhyloAE	796
375	STBD_12750	STBD	2	0.655821	0.13242497	PhyloAE	797
372	KUVZ_07261	KUVZ	2	0.655709	0.62687975	PhyloAE	798
1187	SILK_10D09	SILK	2	0.655302	-0.5743783	PhyloAE	799
252	WHIP_09887	WHIP	2	0.655228	-0.8589576	PhyloAE	800
597	DEER_29532	DEER	2	0.655225	-1.1078006	PhyloAE	801
854	NSD_0GT296	NSDT	2	0.655188	0.8327182	PhyloAE	802
374	KUVZ_07526	KUVZ	2	0.655059	0.62856287	PhyloAE	803
1244	SILK_16G04	SILK	2	0.654662	-0.5868327	PhyloAE	804
952	Elk_0GT131	NELK	2	0.654653	0.36606026	PhyloAE	805
1221	AESK_14G07	AESK	2	0.654609	0.16081446	PhyloAE	806
472	BORZ_12879	BORZ	2	0.654496	0.0003054496	PhyloAE	807
111	STBD_27082	STBD	2	0.654255	0.13041773	PhyloAE	808
174	KUVZ_06693	KUVZ	2	0.654046	0.60578865	PhyloAE	809
149	WHIP_27375	WHIP	2	0.653714	-0.86280346	PhyloAE	810
852	NSD_0GT294	NSDT	2	0.653591	0.8314355	PhyloAE	811
951	Elk_0GT130	NELK	2	0.652453	0.37091386	PhyloAE	812
1062	AHRT_25647	AHRT	2	0.652102	-0.06900912	PhyloAE	813
1061	AHRT_01122	AHRT	2	0.652034	-0.25200218	PhyloAE	814
506	GREY_14239	GREY	2	0.651876	-0.7744232	PhyloAE	815
98	WHIP_27181	WHIP	2	0.651458	-0.86046046	PhyloAE	816
305	AUST_08661	AUST	2	0.650364	-0.23470053	PhyloAE	817
137	WHIP_28395	WHIP	2	0.649439	-0.8624167	PhyloAE	818
1329	MNTY_43F07	MNTY	2	0.649008	0.21076816	PhyloAE	819
253	BORZ_13141	BORZ	2	0.64886	0.0010017473	PhyloAE	820
954	Elk_0GT133	NELK	2	0.648748	0.3637885	PhyloAE	821
317	AUST_08662	AUST	2	0.64767	-0.22857803	PhyloAE	822
382	DANE_12993	DANE	2	0.647318	-0.9097877	PhyloAE	823
80	BORZ_27195	BORZ	2	0.646867	-0.004626414	PhyloAE	824
1145	MXOL_Z2D01	MXOL	2	0.646298	0.610368	PhyloAE	825
412	WHIP_28396	WHIP	2	0.645915	-0.86094064	PhyloAE	826
1063	AHRT_24735	AHRT	2	0.645889	-0.11188799	PhyloAE	827
143	WHIP_27374	WHIP	2	0.645885	-0.85339105	PhyloAE	828
284	AUST_07422	AUST	2	0.645805	-0.2225208	PhyloAE	829
848	NSD_0GT289	NSDT	2	0.64519	0.8225562	PhyloAE	830
383	DANE_06694	DANE	2	0.64515	-0.9151662	PhyloAE	831
993	Gry_0GT248	GREY	2	0.645146	-0.7686339	PhyloAE	832
319	BORZ_13142	BORZ	2	0.644904	0.0045734756	PhyloAE	833
1272	AUCD_18G11	AUCD	2	0.644874	-0.76026773	PhyloAE	834
285	AUST_08659	AUST	2	0.644157	-0.21850632	PhyloAE	835
1308	MNTY_34H04	MNTY	2	0.643535	0.20881356	PhyloAE	836
1059	AHRT_01081	AHRT	2	0.64296	-0.25663596	PhyloAE	837
1081	NSDT_26994	NSDT	2	0.642255	0.8269168	PhyloAE	838
340	AUST_08658	AUST	2	0.641873	-0.25098294	PhyloAE	839
304	AUST_07721	AUST	2	0.641333	-0.2303771	PhyloAE	840
1056	BEDT_28915	BEDT	2	0.640666	-0.23504831	PhyloAE	841
505	GREY_14237	GREY	2	0.640311	-0.7690429	PhyloAE	842
853	NSD_0GT295	NSDT	2	0.640307	0.8248499	PhyloAE	843
850	NSD_0GT292	NSDT	2	0.640184	0.832437	PhyloAE	844
1188	SILK_10E09	SILK	2	0.640109	-0.57798034	PhyloAE	845
542	WHIP_09932	WHIP	2	0.639887	-0.8594612	PhyloAE	846
992	Gry_0GT247	GREY	2	0.638984	-0.76684785	PhyloAE	847
1259	BEDT_17A06	BEDT	2	0.638576	-0.23273186	PhyloAE	848
950	Elk_0GT129	NELK	2	0.63838	0.36048302	PhyloAE	849
1054	BEDT_27105	BEDT	2	0.638056	-0.23184569	PhyloAE	850
989	Gry_0GT244	GREY	2	0.637975	-0.7674015	PhyloAE	851
1231	AUCD_15C07	AUCD	2	0.636363	-0.7628599	PhyloAE	852
269	BORZ_00979	BORZ	2	0.636155	0.0017773006	PhyloAE	853
161	DANE_13574	DANE	2	0.635971	-0.900884	PhyloAE	854
1055	BEDT_28909	BEDT	2	0.635863	-0.23210384	PhyloAE	855
1104	AUCD_09994	AUCD	2	0.635683	-0.7610484	PhyloAE	856
1067	AHRT_01123	AHRT	2	0.635257	-0.25104892	PhyloAE	857
1250	TYFX_16D09	TYFX	2	0.634466	-0.124754116	PhyloAE	858
294	AUST_08660	AUST	2	0.634093	-0.25099397	PhyloAE	859
503	GREY_12320	GREY	2	0.633669	-0.771824	PhyloAE	860
543	WHIP_09886	WHIP	2	0.633187	-0.85403705	PhyloAE	861
399	DANE_12992	DANE	2	0.632982	-0.8798695	PhyloAE	862
425	BORZ_27924	BORZ	2	0.632944	-0.00029261224	PhyloAE	863
85	BORZ_27197	BORZ	2	0.632606	0.0015265327	PhyloAE	864
1057	BEDT_28916	BEDT	2	0.632368	-0.23427726	PhyloAE	865
1254	TYFX_17A02	TYFX	2	0.63215	-0.1460941	PhyloAE	866
16	SLOU_24407	SLOU_NAfrica	2	0.631853	-0.32137853	PhyloAE	867
427	BORZ_28388	BORZ	2	0.631689	0.0025239494	PhyloAE	868
1065	AHRT_01117	AHRT	2	0.631513	-0.25590962	PhyloAE	869
851	NSD_0GT293	NSDT	2	0.631116	0.81737393	PhyloAE	870
1064	AHRT_01080	AHRT	2	0.631055	-0.25535166	PhyloAE	871
296	BORZ_12818	BORZ	2	0.630886	-0.002734052	PhyloAE	872
13	SLOU_24401	SLOU_NAfrica	2	0.628998	-0.3288212	PhyloAE	873
237	WHIP_09822	WHIP	2	0.628699	-0.8098998	PhyloAE	874
1234	AUCD_15C09	AUCD	2	0.62799	-0.7633284	PhyloAE	875
1066	AHRT_01121	AHRT	2	0.627716	-0.25674915	PhyloAE	876
1252	SILK_17C01	SILK	2	0.627429	-0.59956795	PhyloAE	877
124	DANE_26647	DANE	2	0.626643	-0.9200267	PhyloAE	878
507	GREY_14238	GREY	2	0.625004	-0.7663986	PhyloAE	879
1060	AHRT_01120	AHRT	2	0.624425	-0.25532022	PhyloAE	880
1031	IRIT_27175	IRIT	2	0.624052	-0.4634505	PhyloAE	881
1058	AHRT_01079	AHRT	2	0.623887	-0.25535935	PhyloAE	882
1103	KELP_09350	KELP	2	0.623704	-0.67537206	PhyloAE	883
990	Gry_0GT245	GREY	2	0.623639	-0.766578	PhyloAE	884
958	Elk_0GT137	NELK	2	0.623624	0.3780848	PhyloAE	885
18	SLOU_24409	SLOU_NAfrica	2	0.623172	-0.32459515	PhyloAE	886
955	Elk_0GT134	NELK	2	0.621923	0.3777348	PhyloAE	887
710	OES_005944	OES	2	0.621831	-0.9877429	PhyloAE	888
263	BORZ_00978	BORZ	2	0.620919	0.007721832	PhyloAE	889
991	Gry_0GT246	GREY	2	0.620644	-0.7701548	PhyloAE	890
401	DANE_15290	DANE	2	0.620245	-0.8891122	PhyloAE	891
1260	TYFX_17D06	TYFX	2	0.619734	-0.15573712	PhyloAE	892
1112	AIRT_25288	AIRT	2	0.619031	-0.9096545	PhyloAE	893
1249	TYFX_16G08	TYFX	2	0.618864	-0.1371276	PhyloAE	894
1192	RHOD_12H05	RHOD	2	0.618533	-1.2033263	PhyloAE	895
34	LVMD_24542	LVMD_Italy	2	0.618392	-0.33070952	PhyloAE	896
1210	RHOD_13E12	RHOD	2	0.618299	-1.1953956	PhyloAE	897
504	GREY_13678	GREY	2	0.617817	-0.7681852	PhyloAE	898
1080	NELK_28504	NELK	2	0.617712	0.37679195	PhyloAE	899
245	WHIP_09824	WHIP	2	0.6173	-0.80606246	PhyloAE	900
76	DANE_27184	DANE	2	0.616766	-0.88925827	PhyloAE	901
1030	IRIT_27164	IRIT	2	0.616037	-0.45899916	PhyloAE	902
1028	IRIT_27166	IRIT	2	0.615759	-0.46480036	PhyloAE	903
842	BoT_00LU62	BORT	2	0.613825	-1.4801899	PhyloAE	904
1027	IRIT_27165	IRIT	2	0.613798	-0.46499088	PhyloAE	905
769	YORK_08997	YORK	2	0.613235	-0.7583313	PhyloAE	906
1110	AUCD_25269	AUCD	2	0.612039	-0.7646764	PhyloAE	907
714	OES_005966	OES	2	0.611502	-0.98934764	PhyloAE	908
893	TYo_0GT396	YORK	2	0.610048	-0.76990765	PhyloAE	909
1194	RHOD_12B06	RHOD	2	0.609875	-1.1953726	PhyloAE	910
1229	AUCD_15C05	AUCD	2	0.609798	-0.7649813	PhyloAE	911
1102	KELP_09320	KELP	2	0.609782	-0.67307186	PhyloAE	912
1135	XOLO_Z1E01	XOLO	2	0.608545	0.7284785	PhyloAE	913
1100	AIRT_08387	AIRT	2	0.608479	-0.9084466	PhyloAE	914
712	OES_005954	OES	2	0.607523	-0.9890064	PhyloAE	915
1209	RHOD_13H11	RHOD	2	0.606898	-1.1988145	PhyloAE	916
1029	IRIT_27162	IRIT	2	0.606742	-0.46988103	PhyloAE	917
1101	AIRT_08388	AIRT	2	0.606715	-0.9186366	PhyloAE	918
1159	ICES_Z4E02	ICES	2	0.606505	0.5275851	PhyloAE	919
1274	AUCD_19H09	AUCD	2	0.604765	-0.7620059	PhyloAE	920
408	DANE_21529	DANE	2	0.604314	-0.8888187	PhyloAE	921
891	TYo_0GT394	YORK	2	0.604065	-0.76733756	PhyloAE	922
879	JRT_0GT255	JACK	2	0.602382	-1.3494685	PhyloAE	923
1224	RHOD_14B10	RHOD	2	0.602314	-1.200961	PhyloAE	924
1205	WFOX_13F10	WFOX	2	0.602052	-2.0548787	PhyloAE	925
1207	RHOD_13C11	RHOD	2	0.60186	-1.2023276	PhyloAE	926
1230	WFOX_15G05	WFOX	2	0.601804	-2.070014	PhyloAE	927
894	TYo_0GT397	YORK	2	0.601636	-0.7704333	PhyloAE	928
1088	RATT_28509	RATT	2	0.601595	-0.12216245	PhyloAE	929
858	BoC_00GT65	BORD	2	0.60095	-0.90540564	PhyloAE	930
1195	WFOX_12C06	WFOX	2	0.600892	-2.082018	PhyloAE	931
713	OES_005957	OES	2	0.600478	-0.9896431	PhyloAE	932
766	YORK_29553	YORK	2	0.599551	-0.76493716	PhyloAE	933
1301	COOK_24163	COOK	2	0.599387	3.8513803	PhyloAE	934
715	OES_005984	OES	2	0.599137	-0.98948205	PhyloAE	935
892	TYo_0GT395	YORK	2	0.598017	-0.77256745	PhyloAE	936
12	SALU_24265	SALU_ArabPen	2	0.597923	-0.40020144	PhyloAE	937
883	JRT_0GT260	JACK	2	0.59697	-1.3613077	PhyloAE	938
1275	AUCD_19A10	AUCD	2	0.596938	-0.7628357	PhyloAE	939
1300	COOK_24136	COOK	2	0.59599	3.599785	PhyloAE	940
35	LVMD_24544	LVMD_Italy	2	0.595663	-0.32977962	PhyloAE	941
1276	ICES_21B07	ICES	2	0.59537	0.5137121	PhyloAE	942
1189	WFOX_12D05	WFOX	2	0.594686	-2.0755746	PhyloAE	943
709	OES_005941	OES	2	0.594657	-0.99266964	PhyloAE	944
878	JRT_0GT254	JACK	2	0.594651	-1.3372945	PhyloAE	945
717	OES_006003	OES	2	0.59459	-0.989819	PhyloAE	946
10	SLOU_23547	SLOU_NAfrica	2	0.594489	-0.33935773	PhyloAE	947
770	YORK_09000	YORK	2	0.59367	-0.76757294	PhyloAE	948
767	YORK_29556	YORK	2	0.593332	-0.7655714	PhyloAE	949
1232	RHOD_15A08	RHOD	2	0.592715	-1.1960988	PhyloAE	950
855	BoC_00GT56	BORD	2	0.591851	-0.90324974	PhyloAE	951
876	JRT_0GT251	JACK	2	0.591784	-1.3573958	PhyloAE	952
716	OES_005990	OES	2	0.591589	-0.99156564	PhyloAE	953
1197	WFOX_13E08	WFOX	2	0.591477	-2.0712996	PhyloAE	954
845	BoT_00LU65	BORT	2	0.591407	-1.5337638	PhyloAE	955
880	JRT_0GT256	JACK	2	0.591021	-1.3431622	PhyloAE	956
1051	BORT_27568	BORT	2	0.590166	-1.5359467	PhyloAE	957
1198	WFOX_13G08	WFOX	2	0.589035	-2.0718386	PhyloAE	958
711	OES_005951	OES	2	0.588462	-0.99285585	PhyloAE	959
843	BoT_00LU63	BORT	2	0.587624	-1.540801	PhyloAE	960
1084	PARS_27079	PARS	2	0.587304	-1.3105808	PhyloAE	961
718	OES_006014	OES	2	0.587263	-0.9906291	PhyloAE	962
1094	TIBT_03186	TIBT	2	0.586351	-1.4681967	PhyloAE	963
1240	RHOD_15G12	RHOD	2	0.585763	-1.202746	PhyloAE	964
1303	COOK_34327	COOK	2	0.585596	3.567991	PhyloAE	965
1196	WFOX_12E06	WFOX	2	0.584699	-2.0586212	PhyloAE	966
875	JRT_0GT250	JACK	2	0.584546	-1.3417575	PhyloAE	967
844	BoT_00LU64	BORT	2	0.584075	-1.5404654	PhyloAE	968
1202	WFOX_13G09	WFOX	2	0.583673	-2.0734253	PhyloAE	969
1092	TIBT_03184	TIBT	2	0.582898	-1.4711299	PhyloAE	970
1294	COOK_23320	COOK	2	0.581718	3.3922591	PhyloAE	971
881	JRT_0GT257	JACK	2	0.581684	-1.3247656	PhyloAE	972
1050	BORT_27171	BORT	2	0.581194	-1.5318842	PhyloAE	973
1304	AUCD_31H04	AUCD	2	0.580809	-0.77665496	PhyloAE	974
196	BORD_28463	BORD	2	0.580417	-0.90061885	PhyloAE	975
1328	RHOD_42D06	RHOD	2	0.580318	-1.2009133	PhyloAE	976
1052	BORT_25438	BORT	2	0.578379	-1.533392	PhyloAE	977
1314	BERD_34H11	BERD	2	0.577961	-0.76588774	PhyloAE	978
1302	COOK_34324	COOK	2	0.577681	3.8168516	PhyloAE	979
1087	RATT_28508	RATT	2	0.577587	-0.58921117	PhyloAE	980
1315	TIBT_35G02	TIBT	2	0.576032	-1.4774348	PhyloAE	981
857	BoC_00GT64	BORD	2	0.575773	-0.9027635	PhyloAE	982
795	NEAP_23550	NEAP	2	0.575531	-1.7928878	PhyloAE	983
859	BoC_00GT66	BORD	2	0.575467	-0.8753883	PhyloAE	984
486	CARD_07328	CARD	2	0.574683	-1.3495805	PhyloAE	985
1191	WFOX_12F05	WFOX	2	0.574437	-2.070847	PhyloAE	986
846	BoT_00LU66	BORT	2	0.5743	-1.5405926	PhyloAE	987
796	NEAP_23564	NEAP	2	0.574122	-1.7916676	PhyloAE	988
1322	BERD_35H12	BERD	2	0.573928	-0.7687718	PhyloAE	989
1091	KERY_03174	KERY	2	0.573798	-1.5268179	PhyloAE	990
847	BoT_00LU67	BORT	2	0.572923	-1.5375817	PhyloAE	991
489	CARD_07976	CARD	2	0.572478	-1.3503726	PhyloAE	992
1281	TIBT_26G12	TIBT	2	0.571612	-1.4803051	PhyloAE	993
572	AUSS_07314	AUSS	2	0.571336	-1.0465904	PhyloAE	994
1267	WFOX_18A04	WFOX	2	0.570497	-2.0745485	PhyloAE	995
793	NEAP_23551	NEAP	2	0.570029	-1.7947041	PhyloAE	996
856	BoC_00GT62	BORD	2	0.569765	-0.90974385	PhyloAE	997
226	BORD_11125	BORD	2	0.569764	-0.88900036	PhyloAE	998
890	TYo_0GT393	YORK	2	0.569667	-0.76770556	PhyloAE	999
146	BORD_27579	BORD	2	0.569246	-0.90796834	PhyloAE	1000
921	FSp_0GT186	FINS	2	0.567738	0.71548253	PhyloAE	1001
1278	BERD_25G02	BERD	2	0.566597	-0.7674202	PhyloAE	1002
1105	KERY_12354	KERY	2	0.565536	-1.5274686	PhyloAE	1003
884	JRT_0GT261	JACK	2	0.565305	-1.3586375	PhyloAE	1004
882	JRT_0GT258	JACK	2	0.564927	-1.3189684	PhyloAE	1005
482	CARD_07670	CARD	2	0.564641	-1.3499546	PhyloAE	1006
1280	TIBT_26F12	TIBT	2	0.564599	-1.4758515	PhyloAE	1007
483	CARD_09283	CARD	2	0.564593	-1.3490553	PhyloAE	1008
1053	BORT_08386	BORT	2	0.563255	-1.5353045	PhyloAE	1009
925	FSp_0GT190	FINS	2	0.562454	0.68493456	PhyloAE	1010
797	NEAP_23554	NEAP	2	0.562122	-1.7967494	PhyloAE	1011
1235	AUCD_15D09	AUCD	2	0.560972	-0.7419106	PhyloAE	1012
27	CANE_24519	CANE_Italy	2	0.560664	-1.5178826	PhyloAE	1013
566	AUSS_13157	AUSS	2	0.559207	-1.0286545	PhyloAE	1014
569	AUSS_28454	AUSS	2	0.558007	-1.0227476	PhyloAE	1015
225	BORD_12713	BORD	2	0.557793	-0.9042007	PhyloAE	1016
1108	SCWT_22617	SCWT	2	0.557703	-1.5687257	PhyloAE	1017
1297	COOK_30388	COOK	2	0.557666	3.6049683	PhyloAE	1018
136	BORD_28461	BORD	2	0.556483	-0.8999762	PhyloAE	1019
794	NEAP_23567	NEAP	2	0.555471	-1.7954465	PhyloAE	1020
923	FSp_0GT188	FINS	2	0.555439	0.73363596	PhyloAE	1021
1298	COOK_36118	COOK	2	0.555197	3.715967	PhyloAE	1022
1113	TIBT_26260	TIBT	2	0.554833	-1.4803047	PhyloAE	1023
920	FSp_0GT185	FINS	2	0.553944	0.6959192	PhyloAE	1024
1299	COOK_36124	COOK	2	0.553722	3.5850034	PhyloAE	1025
487	CARD_07654	CARD	2	0.553354	-1.3447044	PhyloAE	1026
1093	TIBT_03185	TIBT	2	0.553073	-1.4805841	PhyloAE	1027
490	CARD_09284	CARD	2	0.552773	-1.3526558	PhyloAE	1028
488	CARD_07666	CARD	2	0.552503	-1.3580917	PhyloAE	1029
798	NEAP_23555	NEAP	2	0.55244	-1.7916546	PhyloAE	1030
570	AUSS_28465	AUSS	2	0.551805	-1.0295844	PhyloAE	1031
1106	SCWT_20516	SCWT	2	0.551283	-1.5717865	PhyloAE	1032
922	FSp_0GT187	FINS	2	0.551228	0.73135227	PhyloAE	1033
17	SLOU_24408	SLOU_NAfrica	2	0.551219	-0.379885	PhyloAE	1034
926	FSp_0GT191	FINS	2	0.550879	0.72869027	PhyloAE	1035
491	CARD_09285	CARD	2	0.550552	-1.3574957	PhyloAE	1036
568	AUSS_27573	AUSS	2	0.550397	-0.9940185	PhyloAE	1037
1109	SCWT_23325	SCWT	2	0.550282	-1.5740064	PhyloAE	1038
877	JRT_0GT253	JACK	2	0.548598	-1.3601576	PhyloAE	1039
1282	TIBT_26H12	TIBT	2	0.548571	-1.4714466	PhyloAE	1040
564	AUSS_11428	AUSS	2	0.548461	-1.0282247	PhyloAE	1041
929	FSp_0GT194	FINS	2	0.547763	0.7806171	PhyloAE	1042
927	FSp_0GT192	FINS	2	0.547588	0.712237	PhyloAE	1043
1114	KERY_27113	KERY	2	0.547399	-1.5267237	PhyloAE	1044
1107	KERY_21525	KERY	2	0.546606	-1.5228556	PhyloAE	1045
484	CARD_06200	CARD	2	0.546542	-1.3621861	PhyloAE	1046
1296	COOK_23575	COOK	2	0.545621	3.544835	PhyloAE	1047
1279	TIBT_26D12	TIBT	2	0.544905	-1.4729046	PhyloAE	1048
571	AUSS_28472	AUSS	2	0.544264	-1.0365976	PhyloAE	1049
924	FSp_0GT189	FINS	2	0.542149	0.7476729	PhyloAE	1050
928	FSp_0GT193	FINS	2	0.541884	0.7084478	PhyloAE	1051
567	AUSS_27104	AUSS	2	0.540812	-1.0311526	PhyloAE	1052
1152	INCA_Z2F05	INCA	2	0.540469	0.66589636	PhyloAE	1053
1120	TIBT_30324	TIBT	2	0.540266	-1.4838598	PhyloAE	1054
1217	CHIN_14F04	CHIN	2	0.534555	-1.2254739	PhyloAE	1055
282	PEMB_06636	PEMB	2	0.53402	-1.4599572	PhyloAE	1056
563	AUSS_11425	AUSS	2	0.533745	-1.029481	PhyloAE	1057
11	SALU_24003	SALU_Tribal	2	0.533516	-0.40593633	PhyloAE	1058
1211	CHIN_14B01	CHIN	2	0.533364	-1.2241335	PhyloAE	1059
485	CARD_06199	CARD	2	0.532371	-1.3596823	PhyloAE	1060
565	AUSS_11429	AUSS	2	0.530665	-1.0333377	PhyloAE	1061
1295	COOK_31648	COOK	2	0.530569	3.5428696	PhyloAE	1062
730	PEMB_09017	PEMB	2	0.530264	-1.4639388	PhyloAE	1063
1111	SCWT_25272	SCWT	2	0.530012	-1.5698819	PhyloAE	1064
38	CANE_24548	CANE_Italy	2	0.526458	-1.7526681	PhyloAE	1065
544	PEMB_06681	PEMB	2	0.525299	-1.467352	PhyloAE	1066
24	CANE_24509	CANE_Italy	2	0.523364	-1.7713526	PhyloAE	1067
1215	CHIN_14F02	CHIN	2	0.522395	-1.2236122	PhyloAE	1068
1223	LHSA_14E09	LHSA	2	0.521655	-1.4303908	PhyloAE	1069
772	ANAT_07334	ANAT	2	0.520994	-0.512271	PhyloAE	1070
776	ANAT_07066	ANAT	2	0.520656	-0.51720136	PhyloAE	1071
28	CANE_24520	CANE_Italy	2	0.519872	-1.690794	PhyloAE	1072
729	PEMB_07293	PEMB	2	0.518973	-1.465989	PhyloAE	1073
25	CANE_24515	CANE_Italy	2	0.51862	-1.7221171	PhyloAE	1074
763	SHIH_03615	SHIH	2	0.518239	-2.056297	PhyloAE	1075
759	SHIH_03591	SHIH	2	0.51558	-1.8463831	PhyloAE	1076
775	ANAT_07069	ANAT	2	0.515342	-0.51620656	PhyloAE	1077
264	PEMB_06638	PEMB	2	0.515217	-1.4676491	PhyloAE	1078
1212	CHIN_14F01	CHIN	2	0.515127	-1.2245075	PhyloAE	1079
756	SHIH_03191	SHIH	2	0.51463	-1.8350111	PhyloAE	1080
758	SHIH_03590	SHIH	2	0.513633	-2.0608969	PhyloAE	1081
773	ANAT_07680	ANAT	2	0.51228	-0.5066231	PhyloAE	1082
1225	LHSA_14D11	LHSA	2	0.512155	-1.3526515	PhyloAE	1083
761	SHIH_03613	SHIH	2	0.508837	-2.0093975	PhyloAE	1084
1049	CANE_28922	CANE	2	0.507982	-1.8171308	PhyloAE	1085
755	SHIH_03166	SHIH	2	0.507863	-1.978432	PhyloAE	1086
771	ANAT_07063	ANAT	2	0.506486	-0.5183131	PhyloAE	1087
774	ANAT_07584	ANAT	2	0.506412	-0.5196954	PhyloAE	1088
757	SHIH_03576	SHIH	2	0.504884	-2.045592	PhyloAE	1089
760	SHIH_03593	SHIH	2	0.504838	-1.9867762	PhyloAE	1090
1132	LHSA_38E10	LHSA	2	0.503687	-1.3901423	PhyloAE	1091
1268	LHSA_18E09	LHSA	2	0.503042	-1.3792979	PhyloAE	1092
1048	CANE_28921	CANE	2	0.502249	-1.8023332	PhyloAE	1093
243	PEMB_06631	PEMB	2	0.501992	-1.4651113	PhyloAE	1094
762	SHIH_03614	SHIH	2	0.501652	-2.0976706	PhyloAE	1095
223	PEMB_28457	PEMB	2	0.500526	-1.4677793	PhyloAE	1096
1216	LHSA_14H03	LHSA	2	0.500381	-1.3906606	PhyloAE	1097
1269	LHSA_18G09	LHSA	2	0.49535	-1.3458339	PhyloAE	1098
4	AZWK_23339	AZWK_Mali	2	0.494626	-0.9469549	PhyloAE	1099
218	CAIR_28517	CAIR	2	0.493938	-1.0515333	PhyloAE	1100
1266	LHSA_18D03	LHSA	2	0.492694	-1.3752438	PhyloAE	1101
238	CAIR_13037	CAIR	2	0.492611	-1.0499799	PhyloAE	1102
1	AZWK_15369	AZWK_Mali	2	0.49062	-0.94449556	PhyloAE	1103
272	PEMB_06640	PEMB	2	0.489759	-1.4657195	PhyloAE	1104
241	PEMB_06642	PEMB	2	0.487922	-1.4744352	PhyloAE	1105
246	CAIR_13038	CAIR	2	0.486577	-1.0418826	PhyloAE	1106
1047	CANE_27048	CANE	2	0.481589	-1.815184	PhyloAE	1107
5	AZWK_23340	AZWK_Mali	2	0.479734	-0.94801193	PhyloAE	1108
235	PEMB_06630	PEMB	2	0.479448	-1.4726071	PhyloAE	1109
6	AZWK_23341	AZWK_Mali	2	0.479324	-0.9470066	PhyloAE	1110
258	CAIR_10026	CAIR	2	0.471919	-1.0494236	PhyloAE	1111
7	AZWK_23342	AZWK_Mali	2	0.471355	-0.94307244	PhyloAE	1112
15	SALU_24403	SALU_ArabPen	2	0.469435	-0.48406085	PhyloAE	1113
104	SALU_27317	SALU	2	0.467037	-0.41071105	PhyloAE	1114
214	CAIR_28521	CAIR	2	0.466008	-1.0507828	PhyloAE	1115
1273	LHSA_19B01	LHSA	2	0.465616	-1.3505799	PhyloAE	1116
110	SALU_27302	SALU	2	0.463819	-0.41385475	PhyloAE	1117
101	SALU_27314	SALU	2	0.463032	-0.41212842	PhyloAE	1118
610	GLEN_04246	GLEN	2	0.462083	-1.9959222	PhyloAE	1119
422	SALU_28384	SALU	2	0.461836	-0.41191214	PhyloAE	1120
611	GLEN_04249	GLEN	2	0.458995	-1.9956914	PhyloAE	1121
0	SALU_13122	SALU_CentAsia	2	0.458911	-0.4964264	PhyloAE	1122
613	GLEN_04253	GLEN	2	0.458278	-1.9961096	PhyloAE	1123
320	CAIR_07802	CAIR	2	0.458199	-1.0484232	PhyloAE	1124
14	SALU_24402	SALU_ArabPen	2	0.45772	-0.5029976	PhyloAE	1125
212	CAIR_28466	CAIR	2	0.454498	-1.0448972	PhyloAE	1126
87	SAMO_27205	SAMO	2	0.450975	-0.00017522089	PhyloAE	1127
216	CAIR_27172	CAIR	2	0.450971	-1.0444745	PhyloAE	1128
115	SALU_27308	SALU	2	0.448837	-0.41100818	PhyloAE	1129
616	GLEN_04262	GLEN	2	0.448537	-1.9969996	PhyloAE	1130
108	SALU_27301	SALU	2	0.447448	-0.40938172	PhyloAE	1131
283	SAMO_14507	SAMO	2	0.447094	0.002627546	PhyloAE	1132
615	GLEN_04261	GLEN	2	0.446563	-1.9984952	PhyloAE	1133
139	SALU_27932	SALU	2	0.446278	-0.41018304	PhyloAE	1134
95	SALU_27311	SALU	2	0.446202	-0.4096058	PhyloAE	1135
437	SAMO_27927	SAMO	2	0.445978	0.001085462	PhyloAE	1136
417	SALU_27915	SALU	2	0.444703	-0.41650018	PhyloAE	1137
9	SALU_23362	SALU_ArabPen	2	0.442765	-0.5078185	PhyloAE	1138
3	SALU_22848	SALU_CentAsia	2	0.441024	-0.57093495	PhyloAE	1139
315	SAMO_28936	SAMO	2	0.440344	0.003483357	PhyloAE	1140
614	GLEN_04257	GLEN	2	0.440146	-1.9954363	PhyloAE	1141
8	SALU_23361	SALU_Tribal	2	0.439767	-0.48293263	PhyloAE	1142
617	GLEN_04263	GLEN	2	0.439683	-1.9992758	PhyloAE	1143
262	SAMO_14510	SAMO	2	0.438978	0.0036827493	PhyloAE	1144
50	SCOT_28349	SCOT	2	0.437863	-0.89405704	PhyloAE	1145
612	GLEN_04250	GLEN	2	0.43635	-1.996782	PhyloAE	1146
416	SALU_28391	SALU	2	0.436286	-0.41108173	PhyloAE	1147
426	AFGH_27917	AFGH	2	0.434293	-0.6328657	PhyloAE	1148
211	SAMO_00229	SAMO	2	0.431545	0.0039522517	PhyloAE	1149
191	AFGH_22932	AFGH	2	0.427285	-0.63270575	PhyloAE	1150
190	SAMO_14535	SAMO	2	0.42537	0.0070115793	PhyloAE	1151
78	SAMO_27207	SAMO	2	0.423701	0.0022539068	PhyloAE	1152
194	SAMO_24139	SAMO	2	0.423432	0.006247299	PhyloAE	1153
618	GLEN_04266	GLEN	2	0.421982	-1.9960295	PhyloAE	1154
2	SALU_22847	SALU_CentAsia	2	0.42033	-0.60108644	PhyloAE	1155
175	AFGH_10624	AFGH	2	0.419276	-0.63421994	PhyloAE	1156
200	AFGH_14486	AFGH	2	0.418549	-0.6340651	PhyloAE	1157
198	AFGH_13118	AFGH	2	0.417622	-0.63398737	PhyloAE	1158
192	SAMO_23541	SAMO	2	0.415842	0.0018894244	PhyloAE	1159
184	AFGH_10622	AFGH	2	0.415471	-0.6340096	PhyloAE	1160
208	AFGH_10625	AFGH	2	0.413111	-0.6345847	PhyloAE	1161
84	AFGH_27384	AFGH	2	0.411541	-0.6345806	PhyloAE	1162
424	AFGH_27918	AFGH	2	0.40692	-0.63243324	PhyloAE	1163
1090	AMST_29567	AMST	2	0.370808	-2.1264029	PhyloAE	1164
1286	NORF_28C10	NORF	3	0.99993	-0.94409245	PhyloAE	1165
1287	NORF_28D10	NORF	3	0.99993	-0.94402814	PhyloAE	1166
1283	NORF_28A10	NORF	3	0.99993	-0.9434013	PhyloAE	1167
1293	NORF_D11Li	NORF	3	0.99993	-0.9430978	PhyloAE	1168
1292	NORF_C11Ca	NORF	3	0.99993	-0.9425828	PhyloAE	1169
1284	NORF_28G10	NORF	3	0.99993	-0.9421789	PhyloAE	1170
1285	NORF_28B10	NORF	3	0.99993	-0.94217485	PhyloAE	1171
1288	NORF_28E10	NORF	3	0.99993	-0.9419789	PhyloAE	1172
700	NOWT_24881	NOWT	3	0.99993	-0.65245384	PhyloAE	1173
705	NOWT_04657	NOWT	3	0.99993	-0.651219	PhyloAE	1174
701	NOWT_24883	NOWT	3	0.99993	-0.65024763	PhyloAE	1175
699	NOWT_22253	NOWT	3	0.99993	-0.6483168	PhyloAE	1176
703	NOWT_27359	NOWT	3	0.99993	-0.64588845	PhyloAE	1177
707	NOWT_07973	NOWT	3	0.99993	-0.64565295	PhyloAE	1178
1289	NORF_28F10	NORF	3	0.999928	-0.94221574	PhyloAE	1179
702	NOWT_27060	NOWT	3	0.999926	-0.6491177	PhyloAE	1180
1291	NORF_B11Ma	NORF	3	0.999924	-0.94466656	PhyloAE	1181
704	NOWT_27922	NOWT	3	0.999921	-0.6465851	PhyloAE	1182
708	NOWT_08281	NOWT	3	0.999921	-0.6454764	PhyloAE	1183
706	NOWT_07800	NOWT	3	0.892352	-0.63532835	PhyloAE	1184
277	SCOT_20523	SCOT	3	0.588786	-0.81014144	PhyloAE	1185
63	SCOT_15078	SCOT	3	0.567966	-0.8064507	PhyloAE	1186
120	SCOT_08542	SCOT	3	0.541837	-0.81110734	PhyloAE	1187
65	SCOT_07975	SCOT	3	0.535841	-0.8130264	PhyloAE	1188
71	WHWT_10027	WHWT	3	0.525687	-0.9056389	PhyloAE	1189
70	WHWT_09351	WHWT	3	0.525184	-0.90780604	PhyloAE	1190
69	WHWT_09291	WHWT	3	0.525073	-0.90275294	PhyloAE	1191
278	SCOT_24321	SCOT	3	0.524341	-0.82249933	PhyloAE	1192
280	SCOT_26418	SCOT	3	0.524021	-0.8220605	PhyloAE	1193
466	WHWT_10632	WHWT	3	0.522055	-0.8987163	PhyloAE	1194
68	SCOT_09020	SCOT	3	0.518591	-0.82616764	PhyloAE	1195
67	SCOT_08381	SCOT	3	0.514577	-0.8238763	PhyloAE	1196
61	WHWT_12704	WHWT	3	0.507707	-0.91302603	PhyloAE	1197
60	WHWT_12409	WHWT	3	0.500605	-0.91064245	PhyloAE	1198
464	WHWT_10041	WHWT	3	0.49548	-0.9069327	PhyloAE	1199
64	WHWT_08382	WHWT	3	0.491882	-0.90563047	PhyloAE	1200
279	SCOT_24497	SCOT	3	0.489822	-0.8344805	PhyloAE	1201
66	WHWT_08282	WHWT	3	0.479786	-0.91388434	PhyloAE	1202
62	WHWT_12416	WHWT	3	0.459497	-0.92397386	PhyloAE	1203
172	BSJI_04229	BSJI	4	0.99993	-7.039033	PhyloAE	1204
83	BSJI_27387	BSJI	4	0.99993	-6.7565193	PhyloAE	1205
228	BSJI_04212	BSJI	4	0.999928	-7.100436	PhyloAE	1206
583	BSJI_04208	BSJI	4	0.999927	-7.021125	PhyloAE	1207
100	BSJI_27182	BSJI	4	0.999925	-6.8761873	PhyloAE	1208
197	BSJI_12694	BSJI	4	0.999924	-6.7338552	PhyloAE	1209
431	BSJI_28497	BSJI	4	0.999924	-6.577134	PhyloAE	1210
230	BSJI_04204	BSJI	4	0.99992	-6.9090414	PhyloAE	1211
173	BSJI_20567	BSJI	4	0.980318	-6.3004804	PhyloAE	1212
171	BSJI_04207	BSJI	4	0.806385	-5.5315447	PhyloAE	1213
300	COLL_07296	COLL	5	0.99993	-2.8479714	PhyloAE	1214
500	COLL_11451	COLL	5	0.99993	-2.8195994	PhyloAE	1215
311	COLL_07298	COLL	5	0.99993	-2.80943	PhyloAE	1216
501	COLL_11454	COLL	5	0.99993	-2.8055418	PhyloAE	1217
329	COLL_07300	COLL	5	0.99993	-2.7474585	PhyloAE	1218
82	SSHP_27440	SSHP	5	0.99993	-1.7924901	PhyloAE	1219
411	SSHP_28479	SSHP	5	0.99993	-1.7741703	PhyloAE	1220
79	SSHP_27126	SSHP	5	0.99993	-1.7568055	PhyloAE	1221
91	SSHP_27147	SSHP	5	0.99993	-1.7527169	PhyloAE	1222
344	COLL_07303	COLL	5	0.999923	-2.8100002	PhyloAE	1223
234	COLL_00374	COLL	5	0.999922	-2.7924924	PhyloAE	1224
242	COLL_00379	COLL	5	0.999921	-2.8514063	PhyloAE	1225
420	COLL_28507	COLL	5	0.999921	-2.8122406	PhyloAE	1226
432	COLL_28482	COLL	5	0.999916	-2.8504567	PhyloAE	1227
97	SSHP_27150	SSHP	5	0.999916	-1.7903603	PhyloAE	1228
438	SSHP_28480	SSHP	5	0.997874	-1.7788541	PhyloAE	1229
94	SSHP_27148	SSHP	5	0.993841	-1.7623935	PhyloAE	1230
73	SSHP_26992	SSHP	5	0.981858	-1.744821	PhyloAE	1231
276	SSHP_11617	SSHP	5	0.947756	-1.7857692	PhyloAE	1232
423	SSHP_28528	SSHP	5	0.841655	-1.9805506	PhyloAE	1233
445	BULT_13291	BULT	6	0.99993	-4.305079	PhyloAE	1234
58	BULT_23632	BULT	6	0.99993	-4.3029413	PhyloAE	1235
53	BULT_23667	BULT	6	0.99993	-4.3018594	PhyloAE	1236
57	BULT_23631	BULT	6	0.99993	-4.288595	PhyloAE	1237
56	BULT_23630	BULT	6	0.99993	-4.2611136	PhyloAE	1238
455	BULT_23695	BULT	6	0.99993	-4.227309	PhyloAE	1239
52	BULT_23661	BULT	6	0.99993	-4.184269	PhyloAE	1240
665	MBLT_11470	MBLT	6	0.99993	-4.162859	PhyloAE	1241
668	MBLT_11474	MBLT	6	0.99993	-4.0812416	PhyloAE	1242
667	MBLT_11473	MBLT	6	0.99993	-4.0797834	PhyloAE	1243
660	MBLT_11464	MBLT	6	0.99993	-4.0285025	PhyloAE	1244
666	MBLT_11472	MBLT	6	0.999929	-4.0495343	PhyloAE	1245
54	BULT_23674	BULT	6	0.999928	-4.3377504	PhyloAE	1246
59	BULT_23638	BULT	6	0.999928	-4.335937	PhyloAE	1247
663	MBLT_11468	MBLT	6	0.999928	-4.168556	PhyloAE	1248
55	BULT_23678	BULT	6	0.999925	-4.31157	PhyloAE	1249
664	MBLT_11469	MBLT	6	0.999925	-4.0561905	PhyloAE	1250
661	MBLT_11465	MBLT	6	0.999924	-4.040997	PhyloAE	1251
659	MBLT_11463	MBLT	6	0.999922	-4.1427083	PhyloAE	1252
662	MBLT_11467	MBLT	6	0.965545	-3.9522276	PhyloAE	1253
475	BOX_001179	BOX	7	0.99993	-5.972183	PhyloAE	1254
270	BOX_012966	BOX	7	0.99993	-5.9580107	PhyloAE	1255
429	BOX_028501	BOX	7	0.99993	-5.8586464	PhyloAE	1256
90	BOX_027200	BOX	7	0.99993	-5.761543	PhyloAE	1257
430	BOX_028503	BOX	7	0.99993	-5.7078905	PhyloAE	1258
428	BOX_027928	BOX	7	0.99993	-5.698137	PhyloAE	1259
109	BOX_027190	BOX	7	0.99993	-5.5069895	PhyloAE	1260
476	BOX_027749	BOX	7	0.99993	-5.1810703	PhyloAE	1261
49	BOX_000997	BOX	7	0.986169	-6.104957	PhyloAE	1262
442	BOX_001177	BOX	7	0.959617	-5.1541133	PhyloAE	1263
478	BULD_14474	BULD	7	0.920474	-3.4834373	PhyloAE	1264
888	EBD_0GT156	BULD	7	0.899786	-3.4768667	PhyloAE	1265
479	BULD_14476	BULD	7	0.893726	-3.4871213	PhyloAE	1266
885	EBD_0GT153	BULD	7	0.890478	-3.4668295	PhyloAE	1267
889	EBD_0GT157	BULD	7	0.885844	-3.4707294	PhyloAE	1268
887	EBD_0GT155	BULD	7	0.885803	-3.4686575	PhyloAE	1269
886	EBD_0GT154	BULD	7	0.869526	-3.4685013	PhyloAE	1270
480	BULD_14499	BULD	7	0.846118	-3.4319556	PhyloAE	1271
584	BULD_03589	BULD	7	0.83032	-3.4253035	PhyloAE	1272
481	BULD_03556	BULD	7	0.81389	-3.38974	PhyloAE	1273
398	BULM_01112	BULM	7	0.69555	-2.549796	PhyloAE	1274
160	BULM_26414	BULM	7	0.693705	-2.5563436	PhyloAE	1275
380	BULM_01107	BULM	7	0.673746	-2.5607586	PhyloAE	1276
381	BULM_14500	BULM	7	0.664422	-2.5636573	PhyloAE	1277
326	BULM_28920	BULM	7	0.663506	-2.568762	PhyloAE	1278
388	BULM_01116	BULM	7	0.654408	-2.560444	PhyloAE	1279
369	BULM_01113	BULM	7	0.648468	-2.5468526	PhyloAE	1280
386	BULM_01110	BULM	7	0.645987	-2.55554	PhyloAE	1281
443	BULM_01125	BULM	7	0.643293	-2.5541508	PhyloAE	1282
367	BULM_01126	BULM	7	0.629572	-2.5093768	PhyloAE	1283
217	FBUL_16072	FBUL	7	0.567199	-2.5330544	PhyloAE	1284
337	FBUL_13145	FBUL	7	0.562411	-2.5424387	PhyloAE	1285
365	MAST_24147	MAST	7	0.558978	-2.5925455	PhyloAE	1286
421	FBUL_28500	FBUL	7	0.5546	-2.5450056	PhyloAE	1287
362	MAST_05512	MAST	7	0.554522	-2.6105719	PhyloAE	1288
220	FBUL_14477	FBUL	7	0.553229	-2.5357478	PhyloAE	1289
439	FBUL_07304	FBUL	7	0.553119	-2.5378463	PhyloAE	1290
153	FBUL_27594	FBUL	7	0.545152	-2.5332522	PhyloAE	1291
453	MAST_02297	MAST	7	0.543675	-2.565537	PhyloAE	1292
450	MAST_21270	MAST	7	0.543214	-2.5832663	PhyloAE	1293
781	DDBX_25487	DDBX	7	0.541674	-2.87964	PhyloAE	1294
354	MAST_15585	MAST	7	0.541069	-2.5987322	PhyloAE	1295
162	MAST_02298	MAST	7	0.533456	-2.5820398	PhyloAE	1296
213	FBUL_16073	FBUL	7	0.532705	-2.5252473	PhyloAE	1297
215	FBUL_14473	FBUL	7	0.532483	-2.529135	PhyloAE	1298
452	MAST_01016	MAST	7	0.53122	-2.6112428	PhyloAE	1299
454	MAST_02299	MAST	7	0.530612	-2.6050706	PhyloAE	1300
783	DDBX_24931	DDBX	7	0.528049	-2.8757474	PhyloAE	1301
222	FBUL_16071	FBUL	7	0.526998	-2.5235243	PhyloAE	1302
784	DDBX_24936	DDBX	7	0.525438	-2.8820376	PhyloAE	1303
785	DDBX_24934	DDBX	7	0.522715	-2.8820958	PhyloAE	1304
364	MAST_06392	MAST	7	0.520976	-2.5963163	PhyloAE	1305
389	MAST_00991	MAST	7	0.52079	-2.5973315	PhyloAE	1306
786	DDBX_24930	DDBX	7	0.514364	-2.8870158	PhyloAE	1307
150	FBUL_27595	FBUL	7	0.507224	-2.5213037	PhyloAE	1308
782	DDBX_24933	DDBX	7	0.506849	-2.874486	PhyloAE	1309
1263	BOER_18F01	BOER	7	0.498343	-2.2348328	PhyloAE	1310
444	STAF_03145	STAF	7	0.490189	-2.5623283	PhyloAE	1311
1046	CANE_27352	CANE	7	0.487984	-1.8547639	PhyloAE	1312
265	STAF_03579	STAF	7	0.482191	-2.5615413	PhyloAE	1313
257	BOST_00965	BOST	7	0.478638	-2.2250874	PhyloAE	1314
473	BOST_08700	BOST	7	0.477883	-2.2208638	PhyloAE	1315
289	STAF_03144	STAF	7	0.472196	-2.5656452	PhyloAE	1316
260	BOST_05412	BOST	7	0.471727	-2.2218356	PhyloAE	1317
1277	BOER_22A07	BOER	7	0.469432	-2.234705	PhyloAE	1318
440	BOST_12341	BOST	7	0.468796	-2.2122846	PhyloAE	1319
250	BOST_00950	BOST	7	0.468234	-2.215842	PhyloAE	1320
348	BOST_08704	BOST	7	0.465222	-2.2132769	PhyloAE	1321
474	BOST_08701	BOST	7	0.46169	-2.2205043	PhyloAE	1322
244	STAF_02991	STAF	7	0.461152	-2.5592508	PhyloAE	1323
236	STAF_01361	STAF	7	0.459898	-2.557994	PhyloAE	1324
1271	BOER_18F10	BOER	7	0.458317	-2.2070227	PhyloAE	1325
251	STAF_03137	STAF	7	0.456663	-2.553505	PhyloAE	1326
259	STAF_03139	STAF	7	0.456369	-2.5589936	PhyloAE	1327
765	STAF_02887	STAF	7	0.452721	-2.55484	PhyloAE	1328
266	BOST_08707	BOST	7	0.449135	-2.215005	PhyloAE	1329
267	BOST_05413	BOST	7	0.448064	-2.214188	PhyloAE	1330
1173	AMST_Z6E09	AMST	7	0.448011	-2.1669407	PhyloAE	1331
334	BOST_08698	BOST	7	0.44759	-2.2226672	PhyloAE	1332
1174	AMST_Z6A12	AMST	7	0.439226	-2.1722836	PhyloAE	1333
298	STAF_03163	STAF	7	0.437533	-2.5500236	PhyloAE	1334
1089	AMST_28499	AMST	7	0.416197	-2.1562243	PhyloAE	1335
1175	AMST_Z7B01	AMST	7	0.399772	-2.1355374	PhyloAE	1336
1176	AMST_Z9A04	AMST	7	0.381669	-2.174839	PhyloAE	1337
